condition_type,year,setting,condition_id,condition_name,claims,beneficiaries,payment_amount,denominator_beneficiaries,prevalence
chronic_condition_flag,2008,all,sp_depressn,DEPRESSN,0,24840,,116352,0.21349009900990099
chronic_condition_flag,2008,all,sp_ischmcht,ISCHMCHT,0,48942,,116352,0.42063737623762376
chronic_condition_flag,2008,all,sp_diabetes,DIABETES,0,44060,,116352,0.37867849284928495
chronic_condition_flag,2008,all,sp_osteoprs,OSTEOPRS,0,20177,,116352,0.17341343509350934
chronic_condition_flag,2008,all,sp_ra_oa,RA_OA,0,17916,,116352,0.15398102310231024
chronic_condition_flag,2008,all,sp_alzhdmta,ALZHDMTA,0,22410,,116352,0.19260519801980197
chronic_condition_flag,2008,all,sp_cncr,CNCR,0,7415,,116352,0.0637290291529153
chronic_condition_flag,2008,all,sp_strketia,STRKETIA,0,5223,,116352,0.044889645214521455
chronic_condition_flag,2008,all,sp_chf,CHF,0,33155,,116352,0.28495427667766776
chronic_condition_flag,2008,all,sp_chrnkidn,CHRNKIDN,0,18686,,116352,0.16059887238723872
chronic_condition_flag,2008,all,sp_copd,COPD,0,15743,,116352,0.13530493674367436
primary_diagnosis_ccs,2008,carrier,205,Spondylosis; intervertebral disc disorders; other back problems,64036,34344,6346790.0,,
primary_diagnosis_ccs,2008,carrier,86,Cataract,35194,21668,5770860.0,,
primary_diagnosis_ccs,2008,carrier,101,Coronary atherosclerosis and other heart disease,38841,24764,5061050.0,,
primary_diagnosis_ccs,2008,carrier,98,Essential hypertension,84179,48621,4452680.0,,
primary_diagnosis_ccs,2008,carrier,133,Other lower respiratory disease,48639,29427,3581740.0,,
primary_diagnosis_ccs,2008,carrier,158,Chronic kidney disease,27816,8092,3456400.0,,
primary_diagnosis_ccs,2008,carrier,102,Nonspecific chest pain,32733,22387,3444080.0,,
primary_diagnosis_ccs,2008,carrier,259,Residual codes; unclassified,31378,23300,3245120.0,,
primary_diagnosis_ccs,2008,carrier,106,Cardiac dysrhythmias,52670,24186,3078600.0,,
primary_diagnosis_ccs,2008,carrier,211,Other connective tissue disease,38623,26882,2925730.0,,
primary_diagnosis_ccs,2008,carrier,203,Osteoarthritis,28869,19843,2819250.0,,
primary_diagnosis_ccs,2008,carrier,87,Retinal detachments; defects; vascular occlusion; and retinopathy,15438,12597,2578760.0,,
primary_diagnosis_ccs,2008,carrier,204,Other non-traumatic joint disorders,35644,25300,2556050.0,,
primary_diagnosis_ccs,2008,carrier,23,Other non-epithelial cancer of skin,11995,9747,2357480.0,,
primary_diagnosis_ccs,2008,carrier,49,Diabetes mellitus without complication,46632,28899,2342220.0,,
primary_diagnosis_ccs,2008,carrier,29,Cancer of prostate,12051,6347,2282510.0,,
primary_diagnosis_ccs,2008,carrier,59,Deficiency and other anemia,29862,19590,2267690.0,,
primary_diagnosis_ccs,2008,carrier,47,Other and unspecified benign neoplasm,15946,13152,2257230.0,,
primary_diagnosis_ccs,2008,carrier,95,Other nervous system disorders,20118,15767,2164480.0,,
primary_diagnosis_ccs,2008,carrier,200,Other skin disorders,27356,21086,2067890.0,,
primary_diagnosis_ccs,2008,carrier,251,Abdominal pain,21953,16933,1932340.0,,
primary_diagnosis_ccs,2008,carrier,53,Disorders of lipid metabolism,41800,30071,1843780.0,,
primary_diagnosis_ccs,2008,carrier,24,Cancer of breast,11853,6384,1772970.0,,
primary_diagnosis_ccs,2008,carrier,108,Congestive heart failure; nonhypertensive,19261,12926,1681730.0,,
primary_diagnosis_ccs,2008,carrier,88,Glaucoma,18492,10878,1570450.0,,
primary_diagnosis_ccs,2008,carrier,127,Chronic obstructive pulmonary disease and bronchiectasis,21938,14558,1548830.0,,
primary_diagnosis_ccs,2008,carrier,258,Other screening for suspected conditions (not mental disorders or infectious disease),29619,22812,1532720.0,,
primary_diagnosis_ccs,2008,carrier,212,Other bone disease and musculoskeletal deformities,39320,26072,1480080.0,,
primary_diagnosis_ccs,2008,carrier,155,Other gastrointestinal disorders,16215,13623,1427830.0,,
primary_diagnosis_ccs,2008,carrier,96,Heart valve disorders,11372,9784,1418610.0,,
primary_diagnosis_ccs,2008,carrier,44,Neoplasms of unspecified nature or uncertain behavior,11417,9581,1414670.0,,
primary_diagnosis_ccs,2008,carrier,50,Diabetes mellitus with complications,22033,16293,1392830.0,,
primary_diagnosis_ccs,2008,carrier,163,Genitourinary symptoms and ill-defined conditions,17685,14852,1363430.0,,
primary_diagnosis_ccs,2008,carrier,19,Cancer of bronchus; lung,7624,3998,1340750.0,,
primary_diagnosis_ccs,2008,carrier,117,Other circulatory disease,11537,10065,1313040.0,,
primary_diagnosis_ccs,2008,carrier,131,Respiratory failure; insufficiency; arrest (adult),7743,5231,1201850.0,,
primary_diagnosis_ccs,2008,carrier,657,Mood disorders,21849,13343,1196920.0,,
primary_diagnosis_ccs,2008,carrier,122,Pneumonia (except that caused by tuberculosis or sexually transmitted disease),12826,9616,1166590.0,,
primary_diagnosis_ccs,2008,carrier,91,Other eye disorders,11560,10293,1164880.0,,
primary_diagnosis_ccs,2008,carrier,109,Acute cerebrovascular disease,10327,6863,1126680.0,,
primary_diagnosis_ccs,2008,carrier,114,Peripheral and visceral atherosclerosis,10784,9441,1084690.0,,
primary_diagnosis_ccs,2008,carrier,237,Complication of device; implant or graft,5362,4002,1049050.0,,
primary_diagnosis_ccs,2008,carrier,244,Other injuries and conditions due to external causes,9863,8487,961180.0,,
primary_diagnosis_ccs,2008,carrier,159,Urinary tract infections,19294,15698,960070.0,,
primary_diagnosis_ccs,2008,carrier,153,Gastrointestinal hemorrhage,7496,6476,927440.0,,
primary_diagnosis_ccs,2008,carrier,252,Malaise and fatigue,12640,11102,925670.0,,
primary_diagnosis_ccs,2008,carrier,257,Other aftercare,33575,22687,924340.0,,
primary_diagnosis_ccs,2008,carrier,245,Syncope,8158,6956,878920.0,,
primary_diagnosis_ccs,2008,carrier,48,Thyroid disorders,16184,13872,856230.0,,
primary_diagnosis_ccs,2008,carrier,134,Other upper respiratory disease,13831,11200,834190.0,,
primary_diagnosis_ccs,2008,carrier,197,Skin and subcutaneous tissue infections,10646,9278,811460.0,,
primary_diagnosis_ccs,2008,carrier,157,Acute and unspecified renal failure,6373,4678,805610.0,,
primary_diagnosis_ccs,2008,carrier,653,"Delirium, dementia, and amnestic and other cognitive disorders",10452,7278,760290.0,,
primary_diagnosis_ccs,2008,carrier,202,Rheumatoid arthritis and related disease,6558,5393,724520.0,,
primary_diagnosis_ccs,2008,carrier,14,Cancer of colon,4388,3111,713480.0,,
primary_diagnosis_ccs,2008,carrier,10,Immunizations and screening for infectious disease,23662,19480,708200.0,,
primary_diagnosis_ccs,2008,carrier,126,Other upper respiratory infections,12307,11077,694060.0,,
primary_diagnosis_ccs,2008,carrier,138,Esophageal disorders,8187,7465,678600.0,,
primary_diagnosis_ccs,2008,carrier,99,Hypertension with complications and secondary hypertension,9045,8010,676850.0,,
primary_diagnosis_ccs,2008,carrier,256,Medical examination/evaluation,16613,14319,674580.0,,
primary_diagnosis_ccs,2008,carrier,93,Conditions associated with dizziness or vertigo,7797,7095,673920.0,,
primary_diagnosis_ccs,2008,carrier,38,Non-Hodgkin`s lymphoma,3983,3258,656710.0,,
primary_diagnosis_ccs,2008,carrier,226,Fracture of neck of femur (hip),4937,3084,656000.0,,
primary_diagnosis_ccs,2008,carrier,110,Occlusion or stenosis of precerebral arteries,5886,5393,640690.0,,
primary_diagnosis_ccs,2008,carrier,4,Mycoses,16517,13826,638570.0,,
primary_diagnosis_ccs,2008,carrier,149,Biliary tract disease,4613,4042,635440.0,,
primary_diagnosis_ccs,2008,carrier,232,Sprains and strains,7406,6552,614290.0,,
primary_diagnosis_ccs,2008,carrier,199,Chronic ulcer of skin,8177,6659,599650.0,,
primary_diagnosis_ccs,2008,carrier,146,Diverticulosis and diverticulitis,4535,4221,577060.0,,
primary_diagnosis_ccs,2008,carrier,659,Schizophrenia and other psychotic disorders,9208,6239,568200.0,,
primary_diagnosis_ccs,2008,carrier,94,Other ear and sense organ disorders,8412,7766,562980.0,,
primary_diagnosis_ccs,2008,carrier,164,Hyperplasia of prostate,7022,6458,557640.0,,
primary_diagnosis_ccs,2008,carrier,225,Joint disorders and dislocations; trauma-related,4630,4067,552470.0,,
primary_diagnosis_ccs,2008,carrier,55,Fluid and electrolyte disorders,7398,6365,546460.0,,
primary_diagnosis_ccs,2008,carrier,167,Nonmalignant breast conditions,6641,5998,536910.0,,
primary_diagnosis_ccs,2008,carrier,143,Abdominal hernia,3711,3439,515210.0,,
primary_diagnosis_ccs,2008,carrier,42,Secondary malignancies,2320,1878,514220.0,,
primary_diagnosis_ccs,2008,carrier,100,Acute myocardial infarction,3253,2506,514210.0,,
primary_diagnosis_ccs,2008,carrier,32,Cancer of bladder,3334,2870,492860.0,,
primary_diagnosis_ccs,2008,carrier,58,Other nutritional; endocrine; and metabolic disorders,7540,6699,477500.0,,
primary_diagnosis_ccs,2008,carrier,253,Allergic reactions,7097,6537,475560.0,,
primary_diagnosis_ccs,2008,carrier,229,Fracture of upper limb,5537,4816,470790.0,,
primary_diagnosis_ccs,2008,carrier,83,Epilepsy; convulsions,5015,4338,468210.0,,
primary_diagnosis_ccs,2008,carrier,84,Headache; including migraine,5993,5444,466720.0,,
primary_diagnosis_ccs,2008,carrier,250,Nausea and vomiting,4073,3745,459710.0,,
primary_diagnosis_ccs,2008,carrier,140,Gastritis and duodenitis,3718,3485,457040.0,,
primary_diagnosis_ccs,2008,carrier,161,Other diseases of kidney and ureters,6351,4921,448910.0,,
primary_diagnosis_ccs,2008,carrier,130,Pleurisy; pneumothorax; pulmonary collapse,8543,6533,433660.0,,
primary_diagnosis_ccs,2008,carrier,115,Aortic; peripheral; and visceral artery aneurysms,3074,2825,430100.0,,
primary_diagnosis_ccs,2008,carrier,151,Other liver diseases,5213,4697,426170.0,,
primary_diagnosis_ccs,2008,carrier,128,Asthma,5727,5253,424240.0,,
primary_diagnosis_ccs,2008,carrier,206,Osteoporosis,6564,5498,418920.0,,
primary_diagnosis_ccs,2008,carrier,230,Fracture of lower limb,4325,3918,405700.0,,
primary_diagnosis_ccs,2008,carrier,85,Coma; stupor; and brain damage,2322,2151,380700.0,,
primary_diagnosis_ccs,2008,carrier,160,Calculus of urinary tract,3840,3403,376600.0,,
primary_diagnosis_ccs,2008,carrier,125,Acute bronchitis,6751,6311,374510.0,,
primary_diagnosis_ccs,2008,carrier,2,Septicemia (except in labor),3002,2497,363000.0,,
primary_diagnosis_ccs,2008,carrier,231,Other fractures,3519,3162,356020.0,,
primary_diagnosis_ccs,2008,carrier,11,Cancer of head and neck,1783,1521,347700.0,,
primary_diagnosis_ccs,2008,carrier,239,Superficial injury; contusion,5551,5216,346630.0,,
primary_diagnosis_ccs,2008,carrier,15,Cancer of rectum and anus,1871,1399,342910.0,,
primary_diagnosis_ccs,2008,carrier,90,Inflammation; infection of eye (except that caused by tuberculosis or sexually transmitteddisease),5758,5378,341860.0,,
primary_diagnosis_ccs,2008,carrier,112,Transient cerebral ischemia,3330,2758,341080.0,,
primary_diagnosis_ccs,2008,carrier,45,Maintenance chemotherapy; radiotherapy,1130,1007,340230.0,,
primary_diagnosis_ccs,2008,carrier,97,Peri-; endo-; and myocarditis; cardiomyopathy (except that caused by tuberculosis or sexually transmitted disease),3356,3122,336900.0,,
primary_diagnosis_ccs,2008,carrier,105,Conduction disorders,6819,6055,333060.0,,
primary_diagnosis_ccs,2008,carrier,208,Acquired foot deformities,3562,3365,330920.0,,
primary_diagnosis_ccs,2008,carrier,198,Other inflammatory condition of skin,4742,4345,328010.0,,
primary_diagnosis_ccs,2008,carrier,118,Phlebitis; thrombophlebitis and thromboembolism,5266,4681,322540.0,,
primary_diagnosis_ccs,2008,carrier,40,Multiple myeloma,1993,1563,307310.0,,
primary_diagnosis_ccs,2008,carrier,246,Fever of unknown origin,3604,3278,300410.0,,
primary_diagnosis_ccs,2008,carrier,81,Other hereditary and degenerative nervous system conditions,2911,2784,299020.0,,
primary_diagnosis_ccs,2008,carrier,175,Other female genital disorders,3116,2961,297010.0,,
primary_diagnosis_ccs,2008,carrier,238,Complications of surgical procedures or medical care,2788,2507,290640.0,,
primary_diagnosis_ccs,2008,carrier,39,Leukemias,2234,1878,289930.0,,
primary_diagnosis_ccs,2008,carrier,63,Diseases of white blood cells,2094,1913,281610.0,,
primary_diagnosis_ccs,2008,carrier,104,Other and ill-defined heart disease,4626,4298,269870.0,,
primary_diagnosis_ccs,2008,carrier,51,Other endocrine disorders,3506,3255,269020.0,,
primary_diagnosis_ccs,2008,carrier,651,Anxiety disorders,4490,3989,263310.0,,
primary_diagnosis_ccs,2008,carrier,145,Intestinal obstruction without hernia,2338,2119,262160.0,,
primary_diagnosis_ccs,2008,carrier,162,Other diseases of bladder and urethra,2449,2343,260930.0,,
primary_diagnosis_ccs,2008,carrier,173,Menopausal disorders,4269,4010,244400.0,,
primary_diagnosis_ccs,2008,carrier,236,Open wounds of extremities,3161,2960,243340.0,,
primary_diagnosis_ccs,2008,carrier,62,Coagulation and hemorrhagic disorders,4404,3936,224790.0,,
primary_diagnosis_ccs,2008,carrier,170,Prolapse of female genital organs,1844,1747,216080.0,,
primary_diagnosis_ccs,2008,carrier,89,Blindness and vision defects,3072,2968,214140.0,,
primary_diagnosis_ccs,2008,carrier,235,Open wounds of head; neck; and trunk,1815,1739,207930.0,,
primary_diagnosis_ccs,2008,carrier,103,Pulmonary heart disease,2656,2445,203850.0,,
primary_diagnosis_ccs,2008,carrier,7,Viral infection,3255,3133,200500.0,,
primary_diagnosis_ccs,2008,carrier,27,Cancer of ovary,1338,1092,197290.0,,
primary_diagnosis_ccs,2008,carrier,52,Nutritional deficiencies,4662,4315,196420.0,,
primary_diagnosis_ccs,2008,carrier,119,Varicose veins of lower extremity,1781,1681,196170.0,,
primary_diagnosis_ccs,2008,carrier,17,Cancer of pancreas,1029,818,195390.0,,
primary_diagnosis_ccs,2008,carrier,111,Other and ill-defined cerebrovascular disease,1996,1913,193650.0,,
primary_diagnosis_ccs,2008,carrier,22,Melanomas of skin,1311,1223,190150.0,,
primary_diagnosis_ccs,2008,carrier,79,Parkinson`s disease,2563,2351,187310.0,,
primary_diagnosis_ccs,2008,carrier,154,Noninfectious gastroenteritis,1948,1880,173180.0,,
primary_diagnosis_ccs,2008,carrier,121,Other diseases of veins and lymphatics,1740,1652,172070.0,,
primary_diagnosis_ccs,2008,carrier,201,Infective arthritis and osteomyelitis (except that caused by tuberculosis or sexually transmitted disease),1464,1302,161090.0,,
primary_diagnosis_ccs,2008,carrier,152,Pancreatic disorders (not diabetes),1412,1294,160650.0,,
primary_diagnosis_ccs,2008,carrier,92,Otitis media and related conditions,2202,2131,155320.0,,
primary_diagnosis_ccs,2008,carrier,113,Late effects of cerebrovascular disease,1599,1445,151200.0,,
primary_diagnosis_ccs,2008,carrier,107,Cardiac arrest and ventricular fibrillation,774,741,143370.0,,
primary_diagnosis_ccs,2008,carrier,650,Adjustment disorders,2220,2033,142160.0,,
primary_diagnosis_ccs,2008,carrier,207,Pathological fracture,1106,1070,141710.0,,
primary_diagnosis_ccs,2008,carrier,25,Cancer of uterus,892,643,141030.0,,
primary_diagnosis_ccs,2008,carrier,141,Other disorders of stomach and duodenum,1294,1265,139870.0,,
primary_diagnosis_ccs,2008,carrier,209,Other acquired deformities,1175,1118,135690.0,,
primary_diagnosis_ccs,2008,carrier,12,Cancer of esophagus,756,606,135680.0,,
primary_diagnosis_ccs,2008,carrier,80,Multiple sclerosis,1223,1102,134760.0,,
primary_diagnosis_ccs,2008,carrier,166,Other male genital disorders,1960,1887,132550.0,,
primary_diagnosis_ccs,2008,carrier,233,Intracranial injury,1110,1030,131270.0,,
primary_diagnosis_ccs,2008,carrier,33,Cancer of kidney and renal pelvis,1087,967,127820.0,,
primary_diagnosis_ccs,2008,carrier,5,HIV infection,1305,1045,121050.0,,
primary_diagnosis_ccs,2008,carrier,3,Bacterial infection; unspecified site,1093,1032,113760.0,,
primary_diagnosis_ccs,2008,carrier,120,Hemorrhoids,1153,1121,113000.0,,
primary_diagnosis_ccs,2008,carrier,254,Rehabilitation care; fitting of prostheses; and adjustment of devices,2081,1906,112890.0,,
primary_diagnosis_ccs,2008,carrier,82,Paralysis,1059,957,112870.0,,
primary_diagnosis_ccs,2008,carrier,248,Gangrene,665,604,112270.0,,
primary_diagnosis_ccs,2008,carrier,217,Other congenital anomalies,1075,1036,110840.0,,
primary_diagnosis_ccs,2008,carrier,147,Anal and rectal conditions,1032,997,110780.0,,
primary_diagnosis_ccs,2008,carrier,144,Regional enteritis and ulcerative colitis,1082,1021,106390.0,,
primary_diagnosis_ccs,2008,carrier,6,Hepatitis,1576,1461,103980.0,,
primary_diagnosis_ccs,2008,carrier,135,Intestinal infection,1133,1078,99380.0,,
primary_diagnosis_ccs,2008,carrier,242,Poisoning by other medications and drugs,1076,1034,98650.0,,
primary_diagnosis_ccs,2008,carrier,54,Gout and other crystal arthropathies,1983,1926,95690.0,,
primary_diagnosis_ccs,2008,carrier,661,Substance-related disorders,841,758,91560.0,,
primary_diagnosis_ccs,2008,carrier,210,Systemic lupus erythematosus and connective tissue disorders,1350,1270,91470.0,,
primary_diagnosis_ccs,2008,carrier,21,Cancer of bone and connective tissue,472,414,89720.0,,
primary_diagnosis_ccs,2008,carrier,41,Cancer; other and unspecified primary,594,566,89520.0,,
primary_diagnosis_ccs,2008,carrier,129,Aspiration pneumonitis; food/vomitus,766,718,87140.0,,
primary_diagnosis_ccs,2008,carrier,249,Shock,495,460,86360.0,,
primary_diagnosis_ccs,2008,carrier,35,Cancer of brain and nervous system,485,428,85160.0,,
primary_diagnosis_ccs,2008,carrier,unmapped,Invalid code format,341,321,85140.0,,
primary_diagnosis_ccs,2008,carrier,116,Aortic and peripheral arterial embolism or thrombosis,554,537,84260.0,,
primary_diagnosis_ccs,2008,carrier,247,Lymphadenitis,807,781,81550.0,,
primary_diagnosis_ccs,2008,carrier,139,Gastroduodenal ulcer (except hemorrhage),716,691,77820.0,,
primary_diagnosis_ccs,2008,carrier,234,Crushing injury or internal injury,444,428,77590.0,,
primary_diagnosis_ccs,2008,carrier,670,Miscellaneous mental health disorders,952,908,75760.0,,
primary_diagnosis_ccs,2008,carrier,168,Inflammatory diseases of female pelvic organs,1291,1252,74370.0,,
primary_diagnosis_ccs,2008,carrier,213,Cardiac and circulatory congenital anomalies,680,660,72140.0,,
primary_diagnosis_ccs,2008,carrier,660,Alcohol-related disorders,847,783,70650.0,,
primary_diagnosis_ccs,2008,carrier,13,Cancer of stomach,510,447,69440.0,,
primary_diagnosis_ccs,2008,carrier,18,Cancer of other GI organs; peritoneum,418,372,69420.0,,
primary_diagnosis_ccs,2008,carrier,137,Diseases of mouth; excluding dental,904,887,67070.0,,
primary_diagnosis_ccs,2008,carrier,43,Malignant neoplasm without specification of site,417,389,66570.0,,
primary_diagnosis_ccs,2008,carrier,165,Inflammatory conditions of male genital organs,1079,1059,65230.0,,
primary_diagnosis_ccs,2008,carrier,16,Cancer of liver and intrahepatic bile duct,391,357,59220.0,,
primary_diagnosis_ccs,2008,carrier,136,Disorders of teeth and jaw,860,842,52640.0,,
primary_diagnosis_ccs,2008,carrier,171,Menstrual disorders,604,570,51130.0,,
primary_diagnosis_ccs,2008,carrier,26,Cancer of cervix,396,368,48320.0,,
primary_diagnosis_ccs,2008,carrier,64,Other hematologic conditions,711,681,47880.0,,
primary_diagnosis_ccs,2008,carrier,36,Cancer of thyroid,438,419,47490.0,,
primary_diagnosis_ccs,2008,carrier,8,Other infections; including parasitic,677,655,45630.0,,
primary_diagnosis_ccs,2008,carrier,172,Ovarian cyst,457,443,45240.0,,
primary_diagnosis_ccs,2008,carrier,148,Peritonitis and intestinal abscess,330,301,43760.0,,
primary_diagnosis_ccs,2008,carrier,123,Influenza,527,520,43160.0,,
primary_diagnosis_ccs,2008,carrier,142,Appendicitis and other appendiceal conditions,283,263,42820.0,,
primary_diagnosis_ccs,2008,carrier,28,Cancer of other female genital organs,252,232,38940.0,,
primary_diagnosis_ccs,2008,carrier,46,Benign neoplasm of uterus,357,349,38250.0,,
primary_diagnosis_ccs,2008,carrier,60,Acute posthemorrhagic anemia,393,384,38020.0,,
primary_diagnosis_ccs,2008,carrier,57,Immunity disorders,304,284,37990.0,,
primary_diagnosis_ccs,2008,carrier,228,Skull and face fractures,325,319,33250.0,,
primary_diagnosis_ccs,2008,carrier,654,Developmental disorders,581,542,31700.0,,
primary_diagnosis_ccs,2008,carrier,37,Hodgkin`s disease,217,201,29460.0,,
primary_diagnosis_ccs,2008,carrier,240,Burns,332,317,29410.0,,
primary_diagnosis_ccs,2008,carrier,156,Nephritis; nephrosis; renal sclerosis,356,338,29380.0,,
primary_diagnosis_ccs,2008,carrier,227,Spinal cord injury,197,191,26450.0,,
primary_diagnosis_ccs,2008,carrier,663,Screening and history of mental health and substance abuse codes,414,407,25890.0,,
primary_diagnosis_ccs,2008,carrier,2603,E Codes: Fall,130,129,22110.0,,
primary_diagnosis_ccs,2008,carrier,215,Genitourinary congenital anomalies,273,271,21260.0,,
primary_diagnosis_ccs,2008,carrier,243,Poisoning by nonmedicinal substances,316,299,20630.0,,
primary_diagnosis_ccs,2008,carrier,61,Sickle cell anemia,255,216,20190.0,,
primary_diagnosis_ccs,2008,carrier,652,"Attention-deficit, conduct, and disruptive behavior disorders",277,269,19690.0,,
primary_diagnosis_ccs,2008,carrier,255,Administrative/social admission,350,350,19270.0,,
primary_diagnosis_ccs,2008,carrier,214,Digestive congenital anomalies,146,143,15610.0,,
primary_diagnosis_ccs,2008,carrier,78,Other CNS infection and poliomyelitis,123,118,14810.0,,
primary_diagnosis_ccs,2008,carrier,20,Cancer; other respiratory and intrathoracic,90,86,14800.0,,
primary_diagnosis_ccs,2008,carrier,34,Cancer of other urinary organs,126,122,14500.0,,
primary_diagnosis_ccs,2008,carrier,216,Nervous system congenital anomalies,105,103,14210.0,,
primary_diagnosis_ccs,2008,carrier,656,"Impulse control disorders, NEC",248,231,12790.0,,
primary_diagnosis_ccs,2008,carrier,658,Personality disorders,164,152,12500.0,,
primary_diagnosis_ccs,2008,carrier,132,Lung disease due to external agents,125,124,10780.0,,
primary_diagnosis_ccs,2008,carrier,9,Sexually transmitted infections (not HIV or hepatitis),156,154,10530.0,,
primary_diagnosis_ccs,2008,carrier,31,Cancer of other male genital organs,34,33,9980.0,,
primary_diagnosis_ccs,2008,carrier,76,Meningitis (except that caused by tuberculosis or sexually transmitted disease),84,81,9070.0,,
primary_diagnosis_ccs,2008,carrier,181,Other complications of pregnancy,117,113,8620.0,,
primary_diagnosis_ccs,2008,carrier,195,Other complications of birth; puerperium affecting management of mother,98,95,8590.0,,
primary_diagnosis_ccs,2008,carrier,124,Acute and chronic tonsillitis,135,131,8430.0,,
primary_diagnosis_ccs,2008,carrier,196,Other pregnancy and delivery including normal,86,81,8390.0,,
primary_diagnosis_ccs,2008,carrier,77,Encephalitis (except that caused by tuberculosis or sexually transmitted disease),87,83,8390.0,,
primary_diagnosis_ccs,2008,carrier,1,Tuberculosis,99,97,6600.0,,
primary_diagnosis_ccs,2008,carrier,30,Cancer of testis,58,49,6440.0,,
primary_diagnosis_ccs,2008,carrier,176,Contraceptive and procreative management,172,163,6100.0,,
primary_diagnosis_ccs,2008,carrier,655,"Disorders usually diagnosed in infancy, childhood, or adolescence",125,118,5580.0,,
primary_diagnosis_ccs,2008,carrier,169,Endometriosis,39,39,4750.0,,
primary_diagnosis_ccs,2008,carrier,224,Other perinatal conditions,42,42,3880.0,,
primary_diagnosis_ccs,2008,carrier,56,Cystic fibrosis,46,44,3830.0,,
primary_diagnosis_ccs,2008,carrier,241,Poisoning by psychotropic agents,39,39,3610.0,,
primary_diagnosis_ccs,2008,carrier,184,Early or threatened labor,20,17,3550.0,,
primary_diagnosis_ccs,2008,carrier,189,Previous C-section,14,12,3220.0,,
primary_diagnosis_ccs,2008,carrier,662,Suicide and intentional self-inflicted injury,16,16,2090.0,,
primary_diagnosis_ccs,2008,carrier,2617,E Codes: Adverse effects of medical drugs,40,37,1970.0,,
primary_diagnosis_ccs,2008,carrier,221,Respiratory distress syndrome,16,15,1900.0,,
primary_diagnosis_ccs,2008,carrier,188,Fetopelvic disproportion; obstruction,8,8,1870.0,,
primary_diagnosis_ccs,2008,carrier,unmapped,Missing primary diagnosis,13,13,1750.0,,
primary_diagnosis_ccs,2008,carrier,2607,e codes: motor vehicle traffic (mvt),9,9,1360.0,,
primary_diagnosis_ccs,2008,carrier,2611,E Codes: Natural/environment,25,25,1350.0,,
primary_diagnosis_ccs,2008,carrier,180,Ectopic pregnancy,7,6,1310.0,,
primary_diagnosis_ccs,2008,carrier,186,Diabetes or abnormal glucose tolerance complicating pregnancy; childbirth; or the puerperium,25,25,1280.0,,
primary_diagnosis_ccs,2008,carrier,191,Polyhydramnios and other problems of amniotic cavity,4,4,1190.0,,
primary_diagnosis_ccs,2008,carrier,190,Fetal distress and abnormal forces of labor,7,6,1180.0,,
primary_diagnosis_ccs,2008,carrier,182,Hemorrhage during pregnancy; abruptio placenta; placenta previa,17,17,1040.0,,
primary_diagnosis_ccs,2008,carrier,183,Hypertension complicating pregnancy; childbirth and the puerperium,13,12,1030.0,,
primary_diagnosis_ccs,2008,carrier,2616,E Codes: Adverse effects of medical care,4,4,790.0,,
primary_diagnosis_ccs,2008,carrier,185,Prolonged pregnancy,3,3,760.0,,
primary_diagnosis_ccs,2008,carrier,177,Spontaneous abortion,9,8,710.0,,
primary_diagnosis_ccs,2008,carrier,187,Malposition; malpresentation,4,4,710.0,,
primary_diagnosis_ccs,2008,carrier,174,Female infertility,8,8,420.0,,
primary_diagnosis_ccs,2008,carrier,179,Postabortion complications,7,7,380.0,,
primary_diagnosis_ccs,2008,carrier,219,Short gestation; low birth weight; and fetal growth retardation,2,2,350.0,,
primary_diagnosis_ccs,2008,carrier,2613,E Codes: Poisoning,3,3,350.0,,
primary_diagnosis_ccs,2008,carrier,2604,E Codes: Fire/burn,1,1,300.0,,
primary_diagnosis_ccs,2008,carrier,220,Intrauterine hypoxia and birth asphyxia,2,2,260.0,,
primary_diagnosis_ccs,2008,carrier,178,Induced abortion,5,5,250.0,,
primary_diagnosis_ccs,2008,carrier,2621,E Codes: Place of occurrence,4,4,150.0,,
primary_diagnosis_ccs,2008,carrier,222,Hemolytic jaundice and perinatal jaundice,2,2,100.0,,
primary_diagnosis_ccs,2008,carrier,2601,E Codes: Cut/pierce,1,1,70.0,,
primary_diagnosis_ccs,2008,carrier,2618,E Codes: Other specified and classifiable,1,1,70.0,,
primary_diagnosis_ccs,2008,carrier,2605,E Codes: Firearm,1,1,60.0,,
primary_diagnosis_ccs,2008,carrier,223,Birth trauma,1,1,50.0,,
primary_diagnosis_ccs,2008,carrier,218,Liveborn,2,2,40.0,,
primary_diagnosis_ccs,2008,carrier,2614,E Codes: Struck by- against,1,1,40.0,,
primary_diagnosis_ccs,2008,carrier,2610,e codes: transport- not mvt,2,2,40.0,,
primary_diagnosis_ccs,2008,carrier,2620,E Codes: Unspecified,1,1,10.0,,
primary_diagnosis_ccs,2008,inpatient,2,Septicemia (except in labor),1089,1037,16286600.0,,
primary_diagnosis_ccs,2008,inpatient,101,Coronary atherosclerosis and other heart disease,877,852,10924500.0,,
primary_diagnosis_ccs,2008,inpatient,254,Rehabilitation care; fitting of prostheses; and adjustment of devices,691,658,10886350.0,,
primary_diagnosis_ccs,2008,inpatient,203,Osteoarthritis,960,916,10552020.0,,
primary_diagnosis_ccs,2008,inpatient,108,Congestive heart failure; nonhypertensive,1331,1252,10533700.0,,
primary_diagnosis_ccs,2008,inpatient,122,Pneumonia (except that caused by tuberculosis or sexually transmitted disease),1288,1245,9653360.0,,
primary_diagnosis_ccs,2008,inpatient,131,Respiratory failure; insufficiency; arrest (adult),574,561,9606800.0,,
primary_diagnosis_ccs,2008,inpatient,237,Complication of device; implant or graft,706,674,9365540.0,,
primary_diagnosis_ccs,2008,inpatient,100,Acute myocardial infarction,718,686,9225230.0,,
primary_diagnosis_ccs,2008,inpatient,106,Cardiac dysrhythmias,909,879,6669780.0,,
primary_diagnosis_ccs,2008,inpatient,109,Acute cerebrovascular disease,706,675,6494200.0,,
primary_diagnosis_ccs,2008,inpatient,226,Fracture of neck of femur (hip),547,533,6265300.0,,
primary_diagnosis_ccs,2008,inpatient,127,Chronic obstructive pulmonary disease and bronchiectasis,903,865,5405100.0,,
primary_diagnosis_ccs,2008,inpatient,205,Spondylosis; intervertebral disc disorders; other back problems,450,436,5180700.0,,
primary_diagnosis_ccs,2008,inpatient,238,Complications of surgical procedures or medical care,404,400,4401740.0,,
primary_diagnosis_ccs,2008,inpatient,96,Heart valve disorders,126,126,4204000.0,,
primary_diagnosis_ccs,2008,inpatient,157,Acute and unspecified renal failure,498,484,3895700.0,,
primary_diagnosis_ccs,2008,inpatient,145,Intestinal obstruction without hernia,384,377,3638300.0,,
primary_diagnosis_ccs,2008,inpatient,159,Urinary tract infections,674,661,3541560.0,,
primary_diagnosis_ccs,2008,inpatient,129,Aspiration pneumonitis; food/vomitus,294,289,3501000.0,,
primary_diagnosis_ccs,2008,inpatient,50,Diabetes mellitus with complications,380,371,3189200.0,,
primary_diagnosis_ccs,2008,inpatient,657,Mood disorders,426,407,3051910.0,,
primary_diagnosis_ccs,2008,inpatient,149,Biliary tract disease,321,320,3030100.0,,
primary_diagnosis_ccs,2008,inpatient,55,Fluid and electrolyte disorders,573,558,2886400.0,,
primary_diagnosis_ccs,2008,inpatient,153,Gastrointestinal hemorrhage,413,405,2745100.0,,
primary_diagnosis_ccs,2008,inpatient,115,Aortic; peripheral; and visceral artery aneurysms,123,122,2654000.0,,
primary_diagnosis_ccs,2008,inpatient,114,Peripheral and visceral atherosclerosis,230,228,2594100.0,,
primary_diagnosis_ccs,2008,inpatient,659,Schizophrenia and other psychotic disorders,390,381,2580370.0,,
primary_diagnosis_ccs,2008,inpatient,99,Hypertension with complications and secondary hypertension,274,273,2557600.0,,
primary_diagnosis_ccs,2008,inpatient,19,Cancer of bronchus; lung,176,174,2328200.0,,
primary_diagnosis_ccs,2008,inpatient,146,Diverticulosis and diverticulitis,291,289,2326400.0,,
primary_diagnosis_ccs,2008,inpatient,197,Skin and subcutaneous tissue infections,376,371,2234070.0,,
primary_diagnosis_ccs,2008,inpatient,42,Secondary malignancies,188,187,2145700.0,,
primary_diagnosis_ccs,2008,inpatient,233,Intracranial injury,162,162,1993000.0,,
primary_diagnosis_ccs,2008,inpatient,653,"Delirium, dementia, and amnestic and other cognitive disorders",221,219,1836200.0,,
primary_diagnosis_ccs,2008,inpatient,95,Other nervous system disorders,217,214,1809100.0,,
primary_diagnosis_ccs,2008,inpatient,155,Other gastrointestinal disorders,192,190,1702900.0,,
primary_diagnosis_ccs,2008,inpatient,135,Intestinal infection,209,207,1638000.0,,
primary_diagnosis_ccs,2008,inpatient,231,Other fractures,222,221,1622880.0,,
primary_diagnosis_ccs,2008,inpatient,102,Nonspecific chest pain,455,448,1541210.0,,
primary_diagnosis_ccs,2008,inpatient,103,Pulmonary heart disease,164,163,1520000.0,,
primary_diagnosis_ccs,2008,inpatient,230,Fracture of lower limb,168,167,1431600.0,,
primary_diagnosis_ccs,2008,inpatient,14,Cancer of colon,87,86,1400000.0,,
primary_diagnosis_ccs,2008,inpatient,105,Conduction disorders,100,99,1364400.0,,
primary_diagnosis_ccs,2008,inpatient,245,Syncope,310,306,1357000.0,,
primary_diagnosis_ccs,2008,inpatient,199,Chronic ulcer of skin,93,93,1335000.0,,
primary_diagnosis_ccs,2008,inpatient,143,Abdominal hernia,131,131,1294880.0,,
primary_diagnosis_ccs,2008,inpatient,152,Pancreatic disorders (not diabetes),161,161,1289700.0,,
primary_diagnosis_ccs,2008,inpatient,207,Pathological fracture,121,121,1286900.0,,
primary_diagnosis_ccs,2008,inpatient,118,Phlebitis; thrombophlebitis and thromboembolism,151,151,1284400.0,,
primary_diagnosis_ccs,2008,inpatient,128,Asthma,243,237,1278400.0,,
primary_diagnosis_ccs,2008,inpatient,110,Occlusion or stenosis of precerebral arteries,180,179,1243000.0,,
primary_diagnosis_ccs,2008,inpatient,130,Pleurisy; pneumothorax; pulmonary collapse,112,110,1197600.0,,
primary_diagnosis_ccs,2008,inpatient,47,Other and unspecified benign neoplasm,99,99,1195000.0,,
primary_diagnosis_ccs,2008,inpatient,59,Deficiency and other anemia,204,201,1143100.0,,
primary_diagnosis_ccs,2008,inpatient,97,Peri-; endo-; and myocarditis; cardiomyopathy (except that caused by tuberculosis or sexually transmitted disease),63,63,1094800.0,,
primary_diagnosis_ccs,2008,inpatient,83,Epilepsy; convulsions,166,165,968230.0,,
primary_diagnosis_ccs,2008,inpatient,112,Transient cerebral ischemia,254,250,952400.0,,
primary_diagnosis_ccs,2008,inpatient,133,Other lower respiratory disease,130,130,939000.0,,
primary_diagnosis_ccs,2008,inpatient,151,Other liver diseases,103,103,937000.0,,
primary_diagnosis_ccs,2008,inpatient,201,Infective arthritis and osteomyelitis (except that caused by tuberculosis or sexually transmitted disease),61,61,880000.0,,
primary_diagnosis_ccs,2008,inpatient,117,Other circulatory disease,145,144,866300.0,,
primary_diagnosis_ccs,2008,inpatient,209,Other acquired deformities,42,42,841000.0,,
primary_diagnosis_ccs,2008,inpatient,211,Other connective tissue disease,113,113,837000.0,,
primary_diagnosis_ccs,2008,inpatient,39,Leukemias,37,37,808000.0,,
primary_diagnosis_ccs,2008,inpatient,660,Alcohol-related disorders,125,124,781000.0,,
primary_diagnosis_ccs,2008,inpatient,58,Other nutritional; endocrine; and metabolic disorders,88,88,695700.0,,
primary_diagnosis_ccs,2008,inpatient,229,Fracture of upper limb,89,88,688400.0,,
primary_diagnosis_ccs,2008,inpatient,248,Gangrene,47,47,680000.0,,
primary_diagnosis_ccs,2008,inpatient,141,Other disorders of stomach and duodenum,70,70,655000.0,,
primary_diagnosis_ccs,2008,inpatient,140,Gastritis and duodenitis,108,108,650300.0,,
primary_diagnosis_ccs,2008,inpatient,138,Esophageal disorders,112,112,650000.0,,
primary_diagnosis_ccs,2008,inpatient,116,Aortic and peripheral arterial embolism or thrombosis,35,35,629000.0,,
primary_diagnosis_ccs,2008,inpatient,139,Gastroduodenal ulcer (except hemorrhage),50,50,596000.0,,
primary_diagnosis_ccs,2008,inpatient,15,Cancer of rectum and anus,38,38,582000.0,,
primary_diagnosis_ccs,2008,inpatient,259,Residual codes; unclassified,126,126,578300.0,,
primary_diagnosis_ccs,2008,inpatient,160,Calculus of urinary tract,91,91,564000.0,,
primary_diagnosis_ccs,2008,inpatient,45,Maintenance chemotherapy; radiotherapy,51,50,542000.0,,
primary_diagnosis_ccs,2008,inpatient,11,Cancer of head and neck,26,26,541000.0,,
primary_diagnosis_ccs,2008,inpatient,661,Substance-related disorders,107,104,534500.0,,
primary_diagnosis_ccs,2008,inpatient,38,Non-Hodgkin`s lymphoma,31,31,501300.0,,
primary_diagnosis_ccs,2008,inpatient,32,Cancer of bladder,48,48,499000.0,,
primary_diagnosis_ccs,2008,inpatient,251,Abdominal pain,102,102,494900.0,,
primary_diagnosis_ccs,2008,inpatient,63,Diseases of white blood cells,56,56,494000.0,,
primary_diagnosis_ccs,2008,inpatient,17,Cancer of pancreas,36,36,489000.0,,
primary_diagnosis_ccs,2008,inpatient,81,Other hereditary and degenerative nervous system conditions,53,53,472030.0,,
primary_diagnosis_ccs,2008,inpatient,107,Cardiac arrest and ventricular fibrillation,26,26,471000.0,,
primary_diagnosis_ccs,2008,inpatient,212,Other bone disease and musculoskeletal deformities,47,47,464000.0,,
primary_diagnosis_ccs,2008,inpatient,154,Noninfectious gastroenteritis,111,110,435000.0,,
primary_diagnosis_ccs,2008,inpatient,18,Cancer of other GI organs; peritoneum,28,28,415000.0,,
primary_diagnosis_ccs,2008,inpatient,51,Other endocrine disorders,66,66,414300.0,,
primary_diagnosis_ccs,2008,inpatient,13,Cancer of stomach,27,27,380000.0,,
primary_diagnosis_ccs,2008,inpatient,242,Poisoning by other medications and drugs,69,68,380000.0,,
primary_diagnosis_ccs,2008,inpatient,29,Cancer of prostate,55,55,368800.0,,
primary_diagnosis_ccs,2008,inpatient,257,Other aftercare,21,21,368000.0,,
primary_diagnosis_ccs,2008,inpatient,170,Prolapse of female genital organs,77,77,362100.0,,
primary_diagnosis_ccs,2008,inpatient,33,Cancer of kidney and renal pelvis,29,29,361000.0,,
primary_diagnosis_ccs,2008,inpatient,125,Acute bronchitis,82,81,356900.0,,
primary_diagnosis_ccs,2008,inpatient,142,Appendicitis and other appendiceal conditions,40,40,356200.0,,
primary_diagnosis_ccs,2008,inpatient,144,Regional enteritis and ulcerative colitis,39,37,325000.0,,
primary_diagnosis_ccs,2008,inpatient,204,Other non-traumatic joint disorders,47,47,323000.0,,
primary_diagnosis_ccs,2008,inpatient,44,Neoplasms of unspecified nature or uncertain behavior,42,42,322000.0,,
primary_diagnosis_ccs,2008,inpatient,24,Cancer of breast,58,57,311500.0,,
primary_diagnosis_ccs,2008,inpatient,25,Cancer of uterus,35,34,311000.0,,
primary_diagnosis_ccs,2008,inpatient,163,Genitourinary symptoms and ill-defined conditions,43,43,311000.0,,
primary_diagnosis_ccs,2008,inpatient,7,Viral infection,57,57,309200.0,,
primary_diagnosis_ccs,2008,inpatient,234,Crushing injury or internal injury,26,26,308000.0,,
primary_diagnosis_ccs,2008,inpatient,161,Other diseases of kidney and ureters,39,39,303000.0,,
primary_diagnosis_ccs,2008,inpatient,27,Cancer of ovary,19,18,295000.0,,
primary_diagnosis_ccs,2008,inpatient,62,Coagulation and hemorrhagic disorders,32,32,289000.0,,
primary_diagnosis_ccs,2008,inpatient,147,Anal and rectal conditions,32,32,289000.0,,
primary_diagnosis_ccs,2008,inpatient,134,Other upper respiratory disease,36,36,277000.0,,
primary_diagnosis_ccs,2008,inpatient,162,Other diseases of bladder and urethra,28,28,275000.0,,
primary_diagnosis_ccs,2008,inpatient,148,Peritonitis and intestinal abscess,24,24,271000.0,,
primary_diagnosis_ccs,2008,inpatient,244,Other injuries and conditions due to external causes,47,47,266000.0,,
primary_diagnosis_ccs,2008,inpatient,164,Hyperplasia of prostate,67,67,265000.0,,
primary_diagnosis_ccs,2008,inpatient,40,Multiple myeloma,16,16,262000.0,,
primary_diagnosis_ccs,2008,inpatient,93,Conditions associated with dizziness or vertigo,77,77,254000.0,,
primary_diagnosis_ccs,2008,inpatient,213,Cardiac and circulatory congenital anomalies,11,11,251000.0,,
primary_diagnosis_ccs,2008,inpatient,121,Other diseases of veins and lymphatics,23,23,231000.0,,
primary_diagnosis_ccs,2008,inpatient,4,Mycoses,20,20,229000.0,,
primary_diagnosis_ccs,2008,inpatient,16,Cancer of liver and intrahepatic bile duct,19,19,226000.0,,
primary_diagnosis_ccs,2008,inpatient,unmapped,Missing primary diagnosis,8,8,225000.0,,
primary_diagnosis_ccs,2008,inpatient,98,Essential hypertension,65,65,217000.0,,
primary_diagnosis_ccs,2008,inpatient,113,Late effects of cerebrovascular disease,24,24,216000.0,,
primary_diagnosis_ccs,2008,inpatient,246,Fever of unknown origin,47,46,215000.0,,
primary_diagnosis_ccs,2008,inpatient,35,Cancer of brain and nervous system,17,17,213000.0,,
primary_diagnosis_ccs,2008,inpatient,202,Rheumatoid arthritis and related disease,24,24,213000.0,,
primary_diagnosis_ccs,2008,inpatient,12,Cancer of esophagus,15,15,210000.0,,
primary_diagnosis_ccs,2008,inpatient,250,Nausea and vomiting,37,37,203000.0,,
primary_diagnosis_ccs,2008,inpatient,5,HIV infection,16,15,197000.0,,
primary_diagnosis_ccs,2008,inpatient,239,Superficial injury; contusion,46,46,192000.0,,
primary_diagnosis_ccs,2008,inpatient,240,Burns,6,6,192000.0,,
primary_diagnosis_ccs,2008,inpatient,79,Parkinson`s disease,20,20,179000.0,,
primary_diagnosis_ccs,2008,inpatient,6,Hepatitis,15,15,178000.0,,
primary_diagnosis_ccs,2008,inpatient,228,Skull and face fractures,20,20,177000.0,,
primary_diagnosis_ccs,2008,inpatient,120,Hemorrhoids,33,33,177000.0,,
primary_diagnosis_ccs,2008,inpatient,123,Influenza,41,40,170000.0,,
primary_diagnosis_ccs,2008,inpatient,158,Chronic kidney disease,17,17,164000.0,,
primary_diagnosis_ccs,2008,inpatient,85,Coma; stupor; and brain damage,34,34,163000.0,,
primary_diagnosis_ccs,2008,inpatient,241,Poisoning by psychotropic agents,35,34,158000.0,,
primary_diagnosis_ccs,2008,inpatient,78,Other CNS infection and poliomyelitis,5,5,151000.0,,
primary_diagnosis_ccs,2008,inpatient,175,Other female genital disorders,27,27,150800.0,,
primary_diagnosis_ccs,2008,inpatient,227,Spinal cord injury,6,6,148000.0,,
primary_diagnosis_ccs,2008,inpatient,111,Other and ill-defined cerebrovascular disease,25,25,143000.0,,
primary_diagnosis_ccs,2008,inpatient,48,Thyroid disorders,31,31,141500.0,,
primary_diagnosis_ccs,2008,inpatient,21,Cancer of bone and connective tissue,7,7,136000.0,,
primary_diagnosis_ccs,2008,inpatient,232,Sprains and strains,23,23,128900.0,,
primary_diagnosis_ccs,2008,inpatient,84,Headache; including migraine,34,34,128000.0,,
primary_diagnosis_ccs,2008,inpatient,217,Other congenital anomalies,7,7,119000.0,,
primary_diagnosis_ccs,2008,inpatient,54,Gout and other crystal arthropathies,18,18,116000.0,,
primary_diagnosis_ccs,2008,inpatient,60,Acute posthemorrhagic anemia,20,20,115000.0,,
primary_diagnosis_ccs,2008,inpatient,52,Nutritional deficiencies,20,19,114070.0,,
primary_diagnosis_ccs,2008,inpatient,236,Open wounds of extremities,11,11,103000.0,,
primary_diagnosis_ccs,2008,inpatient,210,Systemic lupus erythematosus and connective tissue disorders,10,10,102000.0,,
primary_diagnosis_ccs,2008,inpatient,126,Other upper respiratory infections,26,26,100000.0,,
primary_diagnosis_ccs,2008,inpatient,252,Malaise and fatigue,26,26,99000.0,,
primary_diagnosis_ccs,2008,inpatient,651,Anxiety disorders,22,22,95800.0,,
primary_diagnosis_ccs,2008,inpatient,136,Disorders of teeth and jaw,9,9,94000.0,,
primary_diagnosis_ccs,2008,inpatient,137,Diseases of mouth; excluding dental,12,12,91100.0,,
primary_diagnosis_ccs,2008,inpatient,200,Other skin disorders,8,8,90000.0,,
primary_diagnosis_ccs,2008,inpatient,28,Cancer of other female genital organs,14,14,86000.0,,
primary_diagnosis_ccs,2008,inpatient,61,Sickle cell anemia,19,19,85220.0,,
primary_diagnosis_ccs,2008,inpatient,46,Benign neoplasm of uterus,16,16,85000.0,,
primary_diagnosis_ccs,2008,inpatient,41,Cancer; other and unspecified primary,6,6,84000.0,,
primary_diagnosis_ccs,2008,inpatient,171,Menstrual disorders,15,15,82000.0,,
primary_diagnosis_ccs,2008,inpatient,132,Lung disease due to external agents,6,6,78000.0,,
primary_diagnosis_ccs,2008,inpatient,80,Multiple sclerosis,13,13,76000.0,,
primary_diagnosis_ccs,2008,inpatient,225,Joint disorders and dislocations; trauma-related,11,11,76000.0,,
primary_diagnosis_ccs,2008,inpatient,49,Diabetes mellitus without complication,7,7,75000.0,,
primary_diagnosis_ccs,2008,inpatient,670,Miscellaneous mental health disorders,10,10,70000.0,,
primary_diagnosis_ccs,2008,inpatient,235,Open wounds of head; neck; and trunk,14,14,67000.0,,
primary_diagnosis_ccs,2008,inpatient,1,Tuberculosis,4,4,66000.0,,
primary_diagnosis_ccs,2008,inpatient,249,Shock,5,5,66000.0,,
primary_diagnosis_ccs,2008,inpatient,56,Cystic fibrosis,7,7,65000.0,,
primary_diagnosis_ccs,2008,inpatient,253,Allergic reactions,9,9,64200.0,,
primary_diagnosis_ccs,2008,inpatient,43,Malignant neoplasm without specification of site,5,5,63000.0,,
primary_diagnosis_ccs,2008,inpatient,76,Meningitis (except that caused by tuberculosis or sexually transmitted disease),5,5,63000.0,,
primary_diagnosis_ccs,2008,inpatient,650,Adjustment disorders,13,13,62800.0,,
primary_diagnosis_ccs,2008,inpatient,166,Other male genital disorders,9,9,61000.0,,
primary_diagnosis_ccs,2008,inpatient,8,Other infections; including parasitic,11,11,60000.0,,
primary_diagnosis_ccs,2008,inpatient,165,Inflammatory conditions of male genital organs,14,14,57600.0,,
primary_diagnosis_ccs,2008,inpatient,167,Nonmalignant breast conditions,10,10,56000.0,,
primary_diagnosis_ccs,2008,inpatient,172,Ovarian cyst,10,10,55300.0,,
primary_diagnosis_ccs,2008,inpatient,168,Inflammatory diseases of female pelvic organs,8,8,53000.0,,
primary_diagnosis_ccs,2008,inpatient,77,Encephalitis (except that caused by tuberculosis or sexually transmitted disease),3,3,50000.0,,
primary_diagnosis_ccs,2008,inpatient,37,Hodgkin`s disease,3,3,49000.0,,
primary_diagnosis_ccs,2008,inpatient,198,Other inflammatory condition of skin,9,9,48000.0,,
primary_diagnosis_ccs,2008,inpatient,20,Cancer; other respiratory and intrathoracic,2,2,46000.0,,
primary_diagnosis_ccs,2008,inpatient,243,Poisoning by nonmedicinal substances,6,6,40000.0,,
primary_diagnosis_ccs,2008,inpatient,173,Menopausal disorders,6,6,40000.0,,
primary_diagnosis_ccs,2008,inpatient,91,Other eye disorders,9,9,37400.0,,
primary_diagnosis_ccs,2008,inpatient,23,Other non-epithelial cancer of skin,4,4,35000.0,,
primary_diagnosis_ccs,2008,inpatient,247,Lymphadenitis,5,5,35000.0,,
primary_diagnosis_ccs,2008,inpatient,94,Other ear and sense organ disorders,4,4,35000.0,,
primary_diagnosis_ccs,2008,inpatient,663,Screening and history of mental health and substance abuse codes,2,2,34000.0,,
primary_diagnosis_ccs,2008,inpatient,181,Other complications of pregnancy,9,9,33000.0,,
primary_diagnosis_ccs,2008,inpatient,36,Cancer of thyroid,8,8,31000.0,,
primary_diagnosis_ccs,2008,inpatient,656,"Impulse control disorders, NEC",4,4,29030.0,,
primary_diagnosis_ccs,2008,inpatient,89,Blindness and vision defects,7,7,29000.0,,
primary_diagnosis_ccs,2008,inpatient,90,Inflammation; infection of eye (except that caused by tuberculosis or sexually transmitteddisease),6,6,29000.0,,
primary_diagnosis_ccs,2008,inpatient,92,Otitis media and related conditions,7,7,27000.0,,
primary_diagnosis_ccs,2008,inpatient,64,Other hematologic conditions,3,3,25000.0,,
primary_diagnosis_ccs,2008,inpatient,26,Cancer of cervix,3,3,25000.0,,
primary_diagnosis_ccs,2008,inpatient,9,Sexually transmitted infections (not HIV or hepatitis),2,2,23000.0,,
primary_diagnosis_ccs,2008,inpatient,156,Nephritis; nephrosis; renal sclerosis,4,4,22000.0,,
primary_diagnosis_ccs,2008,inpatient,119,Varicose veins of lower extremity,3,3,21000.0,,
primary_diagnosis_ccs,2008,inpatient,214,Digestive congenital anomalies,3,3,21000.0,,
primary_diagnosis_ccs,2008,inpatient,3,Bacterial infection; unspecified site,2,2,18000.0,,
primary_diagnosis_ccs,2008,inpatient,31,Cancer of other male genital organs,2,2,18000.0,,
primary_diagnosis_ccs,2008,inpatient,195,Other complications of birth; puerperium affecting management of mother,5,5,18000.0,,
primary_diagnosis_ccs,2008,inpatient,22,Melanomas of skin,1,1,16000.0,,
primary_diagnosis_ccs,2008,inpatient,652,"Attention-deficit, conduct, and disruptive behavior disorders",2,2,15000.0,,
primary_diagnosis_ccs,2008,inpatient,189,Previous C-section,3,3,14000.0,,
primary_diagnosis_ccs,2008,inpatient,124,Acute and chronic tonsillitis,3,3,13000.0,,
primary_diagnosis_ccs,2008,inpatient,654,Developmental disorders,2,2,12000.0,,
primary_diagnosis_ccs,2008,inpatient,208,Acquired foot deformities,3,3,11100.0,,
primary_diagnosis_ccs,2008,inpatient,184,Early or threatened labor,3,3,10000.0,,
primary_diagnosis_ccs,2008,inpatient,190,Fetal distress and abnormal forces of labor,3,3,9000.0,,
primary_diagnosis_ccs,2008,inpatient,256,Medical examination/evaluation,1,1,9000.0,,
primary_diagnosis_ccs,2008,inpatient,658,Personality disorders,2,2,6000.0,,
primary_diagnosis_ccs,2008,inpatient,87,Retinal detachments; defects; vascular occlusion; and retinopathy,2,2,6000.0,,
primary_diagnosis_ccs,2008,inpatient,104,Other and ill-defined heart disease,2,2,6000.0,,
primary_diagnosis_ccs,2008,inpatient,258,Other screening for suspected conditions (not mental disorders or infectious disease),2,2,5000.0,,
primary_diagnosis_ccs,2008,inpatient,215,Genitourinary congenital anomalies,1,1,5000.0,,
primary_diagnosis_ccs,2008,inpatient,255,Administrative/social admission,1,1,5000.0,,
primary_diagnosis_ccs,2008,inpatient,30,Cancer of testis,1,1,5000.0,,
primary_diagnosis_ccs,2008,inpatient,169,Endometriosis,1,1,4000.0,,
primary_diagnosis_ccs,2008,inpatient,193,OB-related trauma to perineum and vulva,2,2,4000.0,,
primary_diagnosis_ccs,2008,inpatient,186,Diabetes or abnormal glucose tolerance complicating pregnancy; childbirth; or the puerperium,1,1,4000.0,,
primary_diagnosis_ccs,2008,inpatient,191,Polyhydramnios and other problems of amniotic cavity,1,1,3000.0,,
primary_diagnosis_ccs,2008,inpatient,196,Other pregnancy and delivery including normal,1,1,2000.0,,
primary_diagnosis_ccs,2008,inpatient,185,Prolonged pregnancy,1,1,1000.0,,
primary_diagnosis_ccs,2008,inpatient,86,Cataract,2,2,0.0,,
primary_diagnosis_ccs,2008,outpatient,158,Chronic kidney disease,8866,2780,17746570.0,,
primary_diagnosis_ccs,2008,outpatient,205,Spondylosis; intervertebral disc disorders; other back problems,9819,8434,2249430.0,,
primary_diagnosis_ccs,2008,outpatient,45,Maintenance chemotherapy; radiotherapy,1542,1328,2145030.0,,
primary_diagnosis_ccs,2008,outpatient,102,Nonspecific chest pain,3689,3504,2036880.0,,
primary_diagnosis_ccs,2008,outpatient,101,Coronary atherosclerosis and other heart disease,4410,4040,1879750.0,,
primary_diagnosis_ccs,2008,outpatient,211,Other connective tissue disease,6226,5759,1745550.0,,
primary_diagnosis_ccs,2008,outpatient,86,Cataract,1920,1747,1514890.0,,
primary_diagnosis_ccs,2008,outpatient,95,Other nervous system disorders,3429,3229,1303320.0,,
primary_diagnosis_ccs,2008,outpatient,204,Other non-traumatic joint disorders,6323,5816,1256010.0,,
primary_diagnosis_ccs,2008,outpatient,133,Other lower respiratory disease,6627,6095,1237850.0,,
primary_diagnosis_ccs,2008,outpatient,254,Rehabilitation care; fitting of prostheses; and adjustment of devices,4208,3860,1181530.0,,
primary_diagnosis_ccs,2008,outpatient,98,Essential hypertension,14246,11987,1150800.0,,
primary_diagnosis_ccs,2008,outpatient,258,Other screening for suspected conditions (not mental disorders or infectious disease),11760,10139,1115750.0,,
primary_diagnosis_ccs,2008,outpatient,251,Abdominal pain,4103,3874,1108960.0,,
primary_diagnosis_ccs,2008,outpatient,59,Deficiency and other anemia,6465,5619,1101120.0,,
primary_diagnosis_ccs,2008,outpatient,237,Complication of device; implant or graft,1126,1002,1064960.0,,
primary_diagnosis_ccs,2008,outpatient,106,Cardiac dysrhythmias,9932,6683,1024690.0,,
primary_diagnosis_ccs,2008,outpatient,259,Residual codes; unclassified,5116,4814,978720.0,,
primary_diagnosis_ccs,2008,outpatient,24,Cancer of breast,2562,2060,942060.0,,
primary_diagnosis_ccs,2008,outpatient,47,Other and unspecified benign neoplasm,1913,1861,792650.0,,
primary_diagnosis_ccs,2008,outpatient,257,Other aftercare,13301,10383,787140.0,,
primary_diagnosis_ccs,2008,outpatient,657,Mood disorders,2775,2346,771370.0,,
primary_diagnosis_ccs,2008,outpatient,49,Diabetes mellitus without complication,9665,8018,738220.0,,
primary_diagnosis_ccs,2008,outpatient,155,Other gastrointestinal disorders,3413,3262,730170.0,,
primary_diagnosis_ccs,2008,outpatient,203,Osteoarthritis,2885,2721,683430.0,,
primary_diagnosis_ccs,2008,outpatient,143,Abdominal hernia,785,767,677170.0,,
primary_diagnosis_ccs,2008,outpatient,127,Chronic obstructive pulmonary disease and bronchiectasis,3726,3337,674650.0,,
primary_diagnosis_ccs,2008,outpatient,29,Cancer of prostate,2069,1735,662510.0,,
primary_diagnosis_ccs,2008,outpatient,114,Peripheral and visceral atherosclerosis,1146,1119,638570.0,,
primary_diagnosis_ccs,2008,outpatient,19,Cancer of bronchus; lung,1334,1071,584720.0,,
primary_diagnosis_ccs,2008,outpatient,159,Urinary tract infections,4636,4362,583290.0,,
primary_diagnosis_ccs,2008,outpatient,149,Biliary tract disease,612,602,582310.0,,
primary_diagnosis_ccs,2008,outpatient,105,Conduction disorders,950,915,558070.0,,
primary_diagnosis_ccs,2008,outpatient,232,Sprains and strains,1765,1713,551660.0,,
primary_diagnosis_ccs,2008,outpatient,53,Disorders of lipid metabolism,8973,8025,546810.0,,
primary_diagnosis_ccs,2008,outpatient,160,Calculus of urinary tract,848,817,492720.0,,
primary_diagnosis_ccs,2008,outpatient,50,Diabetes mellitus with complications,3203,2977,483710.0,,
primary_diagnosis_ccs,2008,outpatient,163,Genitourinary symptoms and ill-defined conditions,3499,3341,481850.0,,
primary_diagnosis_ccs,2008,outpatient,659,Schizophrenia and other psychotic disorders,1748,1455,468420.0,,
primary_diagnosis_ccs,2008,outpatient,108,Congestive heart failure; nonhypertensive,2749,2517,466550.0,,
primary_diagnosis_ccs,2008,outpatient,245,Syncope,1008,986,441920.0,,
primary_diagnosis_ccs,2008,outpatient,239,Superficial injury; contusion,1996,1952,438390.0,,
primary_diagnosis_ccs,2008,outpatient,225,Joint disorders and dislocations; trauma-related,565,552,420160.0,,
primary_diagnosis_ccs,2008,outpatient,138,Esophageal disorders,1356,1327,385720.0,,
primary_diagnosis_ccs,2008,outpatient,93,Conditions associated with dizziness or vertigo,1434,1408,376750.0,,
primary_diagnosis_ccs,2008,outpatient,252,Malaise and fatigue,2279,2210,372870.0,,
primary_diagnosis_ccs,2008,outpatient,199,Chronic ulcer of skin,1671,1556,363210.0,,
primary_diagnosis_ccs,2008,outpatient,122,Pneumonia (except that caused by tuberculosis or sexually transmitted disease),1321,1272,359100.0,,
primary_diagnosis_ccs,2008,outpatient,117,Other circulatory disease,1276,1255,357370.0,,
primary_diagnosis_ccs,2008,outpatient,167,Nonmalignant breast conditions,2373,2290,356370.0,,
primary_diagnosis_ccs,2008,outpatient,229,Fracture of upper limb,932,917,356310.0,,
primary_diagnosis_ccs,2008,outpatient,653,"Delirium, dementia, and amnestic and other cognitive disorders",1542,1360,353450.0,,
primary_diagnosis_ccs,2008,outpatient,256,Medical examination/evaluation,4321,4087,351390.0,,
primary_diagnosis_ccs,2008,outpatient,244,Other injuries and conditions due to external causes,1248,1224,349990.0,,
primary_diagnosis_ccs,2008,outpatient,38,Non-Hodgkin`s lymphoma,811,745,346400.0,,
primary_diagnosis_ccs,2008,outpatient,99,Hypertension with complications and secondary hypertension,988,957,327640.0,,
primary_diagnosis_ccs,2008,outpatient,109,Acute cerebrovascular disease,1046,952,317140.0,,
primary_diagnosis_ccs,2008,outpatient,48,Thyroid disorders,3605,3410,310730.0,,
primary_diagnosis_ccs,2008,outpatient,202,Rheumatoid arthritis and related disease,1058,991,306620.0,,
primary_diagnosis_ccs,2008,outpatient,91,Other eye disorders,591,586,306130.0,,
primary_diagnosis_ccs,2008,outpatient,84,Headache; including migraine,1461,1412,291160.0,,
primary_diagnosis_ccs,2008,outpatient,44,Neoplasms of unspecified nature or uncertain behavior,1281,1229,287080.0,,
primary_diagnosis_ccs,2008,outpatient,87,Retinal detachments; defects; vascular occlusion; and retinopathy,443,429,275720.0,,
primary_diagnosis_ccs,2008,outpatient,58,Other nutritional; endocrine; and metabolic disorders,1599,1550,273070.0,,
primary_diagnosis_ccs,2008,outpatient,146,Diverticulosis and diverticulitis,739,728,265150.0,,
primary_diagnosis_ccs,2008,outpatient,23,Other non-epithelial cancer of skin,691,672,264980.0,,
primary_diagnosis_ccs,2008,outpatient,96,Heart valve disorders,1112,1063,263960.0,,
primary_diagnosis_ccs,2008,outpatient,55,Fluid and electrolyte disorders,1670,1615,261280.0,,
primary_diagnosis_ccs,2008,outpatient,32,Cancer of bladder,463,443,258900.0,,
primary_diagnosis_ccs,2008,outpatient,14,Cancer of colon,695,635,254820.0,,
primary_diagnosis_ccs,2008,outpatient,126,Other upper respiratory infections,2271,2175,253700.0,,
primary_diagnosis_ccs,2008,outpatient,197,Skin and subcutaneous tissue infections,1676,1631,250710.0,,
primary_diagnosis_ccs,2008,outpatient,153,Gastrointestinal hemorrhage,820,806,245460.0,,
primary_diagnosis_ccs,2008,outpatient,140,Gastritis and duodenitis,612,609,243860.0,,
primary_diagnosis_ccs,2008,outpatient,231,Other fractures,688,676,237040.0,,
primary_diagnosis_ccs,2008,outpatient,42,Secondary malignancies,371,349,234810.0,,
primary_diagnosis_ccs,2008,outpatient,206,Osteoporosis,1459,1375,229020.0,,
primary_diagnosis_ccs,2008,outpatient,164,Hyperplasia of prostate,724,716,227600.0,,
primary_diagnosis_ccs,2008,outpatient,238,Complications of surgical procedures or medical care,745,722,221800.0,,
primary_diagnosis_ccs,2008,outpatient,134,Other upper respiratory disease,1155,1125,213090.0,,
primary_diagnosis_ccs,2008,outpatient,236,Open wounds of extremities,1096,1069,207970.0,,
primary_diagnosis_ccs,2008,outpatient,113,Late effects of cerebrovascular disease,492,469,207640.0,,
primary_diagnosis_ccs,2008,outpatient,250,Nausea and vomiting,743,738,204870.0,,
primary_diagnosis_ccs,2008,outpatient,161,Other diseases of kidney and ureters,1036,1009,202510.0,,
primary_diagnosis_ccs,2008,outpatient,200,Other skin disorders,1697,1654,202100.0,,
primary_diagnosis_ccs,2008,outpatient,235,Open wounds of head; neck; and trunk,713,703,199460.0,,
primary_diagnosis_ccs,2008,outpatient,208,Acquired foot deformities,211,208,191550.0,,
primary_diagnosis_ccs,2008,outpatient,128,Asthma,879,855,190650.0,,
primary_diagnosis_ccs,2008,outpatient,151,Other liver diseases,1054,1030,185020.0,,
primary_diagnosis_ccs,2008,outpatient,39,Leukemias,507,474,184260.0,,
primary_diagnosis_ccs,2008,outpatient,100,Acute myocardial infarction,265,255,173690.0,,
primary_diagnosis_ccs,2008,outpatient,110,Occlusion or stenosis of precerebral arteries,683,674,172400.0,,
primary_diagnosis_ccs,2008,outpatient,112,Transient cerebral ischemia,488,465,172370.0,,
primary_diagnosis_ccs,2008,outpatient,83,Epilepsy; convulsions,1043,995,169300.0,,
primary_diagnosis_ccs,2008,outpatient,230,Fracture of lower limb,607,591,168150.0,,
primary_diagnosis_ccs,2008,outpatient,154,Noninfectious gastroenteritis,495,494,165950.0,,
primary_diagnosis_ccs,2008,outpatient,212,Other bone disease and musculoskeletal deformities,1055,1037,161770.0,,
primary_diagnosis_ccs,2008,outpatient,11,Cancer of head and neck,346,332,160200.0,,
primary_diagnosis_ccs,2008,outpatient,207,Pathological fracture,154,152,159990.0,,
primary_diagnosis_ccs,2008,outpatient,115,Aortic; peripheral; and visceral artery aneurysms,612,606,158610.0,,
primary_diagnosis_ccs,2008,outpatient,175,Other female genital disorders,540,532,147450.0,,
primary_diagnosis_ccs,2008,outpatient,10,Immunizations and screening for infectious disease,3146,3005,144670.0,,
primary_diagnosis_ccs,2008,outpatient,40,Multiple myeloma,416,376,139180.0,,
primary_diagnosis_ccs,2008,outpatient,162,Other diseases of bladder and urethra,269,263,137040.0,,
primary_diagnosis_ccs,2008,outpatient,125,Acute bronchitis,1127,1108,136540.0,,
primary_diagnosis_ccs,2008,outpatient,121,Other diseases of veins and lymphatics,548,523,135060.0,,
primary_diagnosis_ccs,2008,outpatient,57,Immunity disorders,126,122,133120.0,,
primary_diagnosis_ccs,2008,outpatient,80,Multiple sclerosis,292,281,130090.0,,
primary_diagnosis_ccs,2008,outpatient,15,Cancer of rectum and anus,299,279,123280.0,,
primary_diagnosis_ccs,2008,outpatient,144,Regional enteritis and ulcerative colitis,213,210,119110.0,,
primary_diagnosis_ccs,2008,outpatient,226,Fracture of neck of femur (hip),318,304,119070.0,,
primary_diagnosis_ccs,2008,outpatient,62,Coagulation and hemorrhagic disorders,935,887,114900.0,,
primary_diagnosis_ccs,2008,outpatient,79,Parkinson`s disease,370,361,113960.0,,
primary_diagnosis_ccs,2008,outpatient,131,Respiratory failure; insufficiency; arrest (adult),167,161,107510.0,,
primary_diagnosis_ccs,2008,outpatient,17,Cancer of pancreas,196,186,104960.0,,
primary_diagnosis_ccs,2008,outpatient,51,Other endocrine disorders,558,545,102300.0,,
primary_diagnosis_ccs,2008,outpatient,130,Pleurisy; pneumothorax; pulmonary collapse,446,437,101590.0,,
primary_diagnosis_ccs,2008,outpatient,118,Phlebitis; thrombophlebitis and thromboembolism,1480,1405,100100.0,,
primary_diagnosis_ccs,2008,outpatient,27,Cancer of ovary,283,271,99330.0,,
primary_diagnosis_ccs,2008,outpatient,651,Anxiety disorders,743,711,93240.0,,
primary_diagnosis_ccs,2008,outpatient,2,Septicemia (except in labor),159,157,91490.0,,
primary_diagnosis_ccs,2008,outpatient,166,Other male genital disorders,323,319,89880.0,,
primary_diagnosis_ccs,2008,outpatient,94,Other ear and sense organ disorders,807,794,89700.0,,
primary_diagnosis_ccs,2008,outpatient,201,Infective arthritis and osteomyelitis (except that caused by tuberculosis or sexually transmitted disease),297,275,84700.0,,
primary_diagnosis_ccs,2008,outpatient,147,Anal and rectal conditions,205,204,83550.0,,
primary_diagnosis_ccs,2008,outpatient,103,Pulmonary heart disease,644,617,82670.0,,
primary_diagnosis_ccs,2008,outpatient,22,Melanomas of skin,216,209,82500.0,,
primary_diagnosis_ccs,2008,outpatient,88,Glaucoma,503,480,79330.0,,
primary_diagnosis_ccs,2008,outpatient,157,Acute and unspecified renal failure,396,390,79180.0,,
primary_diagnosis_ccs,2008,outpatient,120,Hemorrhoids,228,227,78360.0,,
primary_diagnosis_ccs,2008,outpatient,173,Menopausal disorders,506,503,77140.0,,
primary_diagnosis_ccs,2008,outpatient,246,Fever of unknown origin,415,413,76420.0,,
primary_diagnosis_ccs,2008,outpatient,97,Peri-; endo-; and myocarditis; cardiomyopathy (except that caused by tuberculosis or sexually transmitted disease),317,311,75780.0,,
primary_diagnosis_ccs,2008,outpatient,119,Varicose veins of lower extremity,259,252,74290.0,,
primary_diagnosis_ccs,2008,outpatient,5,HIV infection,464,390,73870.0,,
primary_diagnosis_ccs,2008,outpatient,170,Prolapse of female genital organs,155,153,73790.0,,
primary_diagnosis_ccs,2008,outpatient,107,Cardiac arrest and ventricular fibrillation,142,141,73770.0,,
primary_diagnosis_ccs,2008,outpatient,81,Other hereditary and degenerative nervous system conditions,371,362,73310.0,,
primary_diagnosis_ccs,2008,outpatient,41,Cancer; other and unspecified primary,146,144,72770.0,,
primary_diagnosis_ccs,2008,outpatient,145,Intestinal obstruction without hernia,133,130,72470.0,,
primary_diagnosis_ccs,2008,outpatient,152,Pancreatic disorders (not diabetes),218,215,72370.0,,
primary_diagnosis_ccs,2008,outpatient,233,Intracranial injury,164,163,71640.0,,
primary_diagnosis_ccs,2008,outpatient,660,Alcohol-related disorders,279,258,71240.0,,
primary_diagnosis_ccs,2008,outpatient,7,Viral infection,475,471,70050.0,,
primary_diagnosis_ccs,2008,outpatient,111,Other and ill-defined cerebrovascular disease,161,160,68430.0,,
primary_diagnosis_ccs,2008,outpatient,247,Lymphadenitis,174,172,68400.0,,
primary_diagnosis_ccs,2008,outpatient,63,Diseases of white blood cells,301,297,68110.0,,
primary_diagnosis_ccs,2008,outpatient,25,Cancer of uterus,201,175,67180.0,,
primary_diagnosis_ccs,2008,outpatient,33,Cancer of kidney and renal pelvis,219,214,66790.0,,
primary_diagnosis_ccs,2008,outpatient,209,Other acquired deformities,174,172,65420.0,,
primary_diagnosis_ccs,2008,outpatient,253,Allergic reactions,697,682,64510.0,,
primary_diagnosis_ccs,2008,outpatient,141,Other disorders of stomach and duodenum,221,219,64320.0,,
primary_diagnosis_ccs,2008,outpatient,85,Coma; stupor; and brain damage,153,152,62500.0,,
primary_diagnosis_ccs,2008,outpatient,12,Cancer of esophagus,134,124,59780.0,,
primary_diagnosis_ccs,2008,outpatient,135,Intestinal infection,178,177,59430.0,,
primary_diagnosis_ccs,2008,outpatient,92,Otitis media and related conditions,303,301,56520.0,,
primary_diagnosis_ccs,2008,outpatient,228,Skull and face fractures,87,87,54240.0,,
primary_diagnosis_ccs,2008,outpatient,89,Blindness and vision defects,251,250,52020.0,,
primary_diagnosis_ccs,2008,outpatient,104,Other and ill-defined heart disease,347,344,51630.0,,
primary_diagnosis_ccs,2008,outpatient,6,Hepatitis,371,362,47980.0,,
primary_diagnosis_ccs,2008,outpatient,18,Cancer of other GI organs; peritoneum,93,89,47450.0,,
primary_diagnosis_ccs,2008,outpatient,43,Malignant neoplasm without specification of site,102,100,46470.0,,
primary_diagnosis_ccs,2008,outpatient,82,Paralysis,198,184,45910.0,,
primary_diagnosis_ccs,2008,outpatient,198,Other inflammatory condition of skin,329,314,45060.0,,
primary_diagnosis_ccs,2008,outpatient,661,Substance-related disorders,179,173,43020.0,,
primary_diagnosis_ccs,2008,outpatient,136,Disorders of teeth and jaw,346,342,42340.0,,
primary_diagnosis_ccs,2008,outpatient,36,Cancer of thyroid,124,119,41840.0,,
primary_diagnosis_ccs,2008,outpatient,242,Poisoning by other medications and drugs,226,224,40450.0,,
primary_diagnosis_ccs,2008,outpatient,26,Cancer of cervix,96,93,39900.0,,
primary_diagnosis_ccs,2008,outpatient,35,Cancer of brain and nervous system,99,96,39890.0,,
primary_diagnosis_ccs,2008,outpatient,210,Systemic lupus erythematosus and connective tissue disorders,241,235,38890.0,,
primary_diagnosis_ccs,2008,outpatient,116,Aortic and peripheral arterial embolism or thrombosis,88,88,38710.0,,
primary_diagnosis_ccs,2008,outpatient,171,Menstrual disorders,161,158,38550.0,,
primary_diagnosis_ccs,2008,outpatient,90,Inflammation; infection of eye (except that caused by tuberculosis or sexually transmitteddisease),329,324,38310.0,,
primary_diagnosis_ccs,2008,outpatient,52,Nutritional deficiencies,620,602,37850.0,,
primary_diagnosis_ccs,2008,outpatient,54,Gout and other crystal arthropathies,464,461,37270.0,,
primary_diagnosis_ccs,2008,outpatient,21,Cancer of bone and connective tissue,91,88,36700.0,,
primary_diagnosis_ccs,2008,outpatient,4,Mycoses,503,498,34950.0,,
primary_diagnosis_ccs,2008,outpatient,8,Other infections; including parasitic,165,162,34210.0,,
primary_diagnosis_ccs,2008,outpatient,13,Cancer of stomach,84,82,32920.0,,
primary_diagnosis_ccs,2008,outpatient,139,Gastroduodenal ulcer (except hemorrhage),102,102,32660.0,,
primary_diagnosis_ccs,2008,outpatient,217,Other congenital anomalies,134,131,30350.0,,
primary_diagnosis_ccs,2008,outpatient,248,Gangrene,46,44,30150.0,,
primary_diagnosis_ccs,2008,outpatient,16,Cancer of liver and intrahepatic bile duct,88,86,29720.0,,
primary_diagnosis_ccs,2008,outpatient,172,Ovarian cyst,94,94,29050.0,,
primary_diagnosis_ccs,2008,outpatient,61,Sickle cell anemia,75,69,27190.0,,
primary_diagnosis_ccs,2008,outpatient,168,Inflammatory diseases of female pelvic organs,168,167,26420.0,,
primary_diagnosis_ccs,2008,outpatient,213,Cardiac and circulatory congenital anomalies,80,78,23430.0,,
primary_diagnosis_ccs,2008,outpatient,37,Hodgkin`s disease,64,61,23090.0,,
primary_diagnosis_ccs,2008,outpatient,142,Appendicitis and other appendiceal conditions,15,15,22310.0,,
primary_diagnosis_ccs,2008,outpatient,234,Crushing injury or internal injury,37,37,21940.0,,
primary_diagnosis_ccs,2008,outpatient,165,Inflammatory conditions of male genital organs,143,140,21330.0,,
primary_diagnosis_ccs,2008,outpatient,137,Diseases of mouth; excluding dental,138,137,21330.0,,
primary_diagnosis_ccs,2008,outpatient,215,Genitourinary congenital anomalies,101,100,21020.0,,
primary_diagnosis_ccs,2008,outpatient,654,Developmental disorders,133,127,20740.0,,
primary_diagnosis_ccs,2008,outpatient,255,Administrative/social admission,250,247,20110.0,,
primary_diagnosis_ccs,2008,outpatient,129,Aspiration pneumonitis; food/vomitus,37,37,19310.0,,
primary_diagnosis_ccs,2008,outpatient,123,Influenza,119,119,18910.0,,
primary_diagnosis_ccs,2008,outpatient,650,Adjustment disorders,127,122,18690.0,,
primary_diagnosis_ccs,2008,outpatient,3,Bacterial infection; unspecified site,123,122,18650.0,,
primary_diagnosis_ccs,2008,outpatient,34,Cancer of other urinary organs,29,27,17970.0,,
primary_diagnosis_ccs,2008,outpatient,241,Poisoning by psychotropic agents,30,30,16230.0,,
primary_diagnosis_ccs,2008,outpatient,670,Miscellaneous mental health disorders,120,116,16060.0,,
primary_diagnosis_ccs,2008,outpatient,663,Screening and history of mental health and substance abuse codes,114,112,15190.0,,
primary_diagnosis_ccs,2008,outpatient,64,Other hematologic conditions,132,130,14910.0,,
primary_diagnosis_ccs,2008,outpatient,240,Burns,101,101,12910.0,,
primary_diagnosis_ccs,2008,outpatient,20,Cancer; other respiratory and intrathoracic,14,14,11020.0,,
primary_diagnosis_ccs,2008,outpatient,28,Cancer of other female genital organs,48,48,10920.0,,
primary_diagnosis_ccs,2008,outpatient,243,Poisoning by nonmedicinal substances,76,76,10510.0,,
primary_diagnosis_ccs,2008,outpatient,156,Nephritis; nephrosis; renal sclerosis,58,57,9860.0,,
primary_diagnosis_ccs,2008,outpatient,46,Benign neoplasm of uterus,47,47,8560.0,,
primary_diagnosis_ccs,2008,outpatient,169,Endometriosis,4,4,8550.0,,
primary_diagnosis_ccs,2008,outpatient,652,"Attention-deficit, conduct, and disruptive behavior disorders",49,47,8030.0,,
primary_diagnosis_ccs,2008,outpatient,216,Nervous system congenital anomalies,28,27,7510.0,,
primary_diagnosis_ccs,2008,outpatient,181,Other complications of pregnancy,46,45,7210.0,,
primary_diagnosis_ccs,2008,outpatient,148,Peritonitis and intestinal abscess,28,28,7180.0,,
primary_diagnosis_ccs,2008,outpatient,60,Acute posthemorrhagic anemia,38,38,6620.0,,
primary_diagnosis_ccs,2008,outpatient,662,Suicide and intentional self-inflicted injury,18,18,6600.0,,
primary_diagnosis_ccs,2008,outpatient,214,Digestive congenital anomalies,22,22,6340.0,,
primary_diagnosis_ccs,2008,outpatient,227,Spinal cord injury,23,23,6090.0,,
primary_diagnosis_ccs,2008,outpatient,132,Lung disease due to external agents,27,27,6050.0,,
primary_diagnosis_ccs,2008,outpatient,176,Contraceptive and procreative management,33,32,5300.0,,
primary_diagnosis_ccs,2008,outpatient,124,Acute and chronic tonsillitis,30,30,4820.0,,
primary_diagnosis_ccs,2008,outpatient,31,Cancer of other male genital organs,5,5,4040.0,,
primary_diagnosis_ccs,2008,outpatient,177,Spontaneous abortion,4,4,3500.0,,
primary_diagnosis_ccs,2008,outpatient,76,Meningitis (except that caused by tuberculosis or sexually transmitted disease),9,9,3450.0,,
primary_diagnosis_ccs,2008,outpatient,9,Sexually transmitted infections (not HIV or hepatitis),23,23,3230.0,,
primary_diagnosis_ccs,2008,outpatient,249,Shock,4,4,3220.0,,
primary_diagnosis_ccs,2008,outpatient,656,"Impulse control disorders, NEC",27,26,2800.0,,
primary_diagnosis_ccs,2008,outpatient,658,Personality disorders,23,23,2640.0,,
primary_diagnosis_ccs,2008,outpatient,56,Cystic fibrosis,17,17,2540.0,,
primary_diagnosis_ccs,2008,outpatient,655,"Disorders usually diagnosed in infancy, childhood, or adolescence",21,21,2440.0,,
primary_diagnosis_ccs,2008,outpatient,195,Other complications of birth; puerperium affecting management of mother,25,22,2320.0,,
primary_diagnosis_ccs,2008,outpatient,196,Other pregnancy and delivery including normal,36,35,2160.0,,
primary_diagnosis_ccs,2008,outpatient,186,Diabetes or abnormal glucose tolerance complicating pregnancy; childbirth; or the puerperium,12,11,1930.0,,
primary_diagnosis_ccs,2008,outpatient,77,Encephalitis (except that caused by tuberculosis or sexually transmitted disease),12,12,1560.0,,
primary_diagnosis_ccs,2008,outpatient,182,Hemorrhage during pregnancy; abruptio placenta; placenta previa,7,7,1120.0,,
primary_diagnosis_ccs,2008,outpatient,1,Tuberculosis,14,14,1030.0,,
primary_diagnosis_ccs,2008,outpatient,78,Other CNS infection and poliomyelitis,9,9,980.0,,
primary_diagnosis_ccs,2008,outpatient,184,Early or threatened labor,5,5,670.0,,
primary_diagnosis_ccs,2008,outpatient,183,Hypertension complicating pregnancy; childbirth and the puerperium,1,1,400.0,,
primary_diagnosis_ccs,2008,outpatient,30,Cancer of testis,7,7,380.0,,
primary_diagnosis_ccs,2008,outpatient,179,Postabortion complications,1,1,300.0,,
primary_diagnosis_ccs,2008,outpatient,190,Fetal distress and abnormal forces of labor,1,1,200.0,,
primary_diagnosis_ccs,2008,outpatient,unmapped,Missing primary diagnosis,1,1,100.0,,
primary_diagnosis_ccs,2008,outpatient,174,Female infertility,2,2,70.0,,
primary_diagnosis_ccs,2008,outpatient,189,Previous C-section,1,1,40.0,,
chronic_condition_flag,2009,all,sp_cncr,CNCR,0,9336,,114538,0.08151006652813914
chronic_condition_flag,2009,all,sp_strketia,STRKETIA,0,6030,,114538,0.05264628332955002
chronic_condition_flag,2009,all,sp_osteoprs,OSTEOPRS,0,21908,,114538,0.19127276537044474
chronic_condition_flag,2009,all,sp_diabetes,DIABETES,0,47709,,114538,0.4165342506417084
chronic_condition_flag,2009,all,sp_depressn,DEPRESSN,0,28085,,114538,0.2452024655572823
chronic_condition_flag,2009,all,sp_ischmcht,ISCHMCHT,0,54601,,114538,0.4767064205765772
chronic_condition_flag,2009,all,sp_alzhdmta,ALZHDMTA,0,26404,,114538,0.23052611360421868
chronic_condition_flag,2009,all,sp_chrnkidn,CHRNKIDN,0,23718,,114538,0.20707538109623008
chronic_condition_flag,2009,all,sp_copd,COPD,0,17925,,114538,0.1564982800467967
chronic_condition_flag,2009,all,sp_ra_oa,RA_OA,0,19994,,114538,0.1745621540449458
chronic_condition_flag,2009,all,sp_chf,CHF,0,39438,,114538,0.3443224082837137
primary_diagnosis_ccs,2009,carrier,205,Spondylosis; intervertebral disc disorders; other back problems,69951,38401,7173880.0,,
primary_diagnosis_ccs,2009,carrier,86,Cataract,34539,25392,5716920.0,,
primary_diagnosis_ccs,2009,carrier,101,Coronary atherosclerosis and other heart disease,41140,27298,5224000.0,,
primary_diagnosis_ccs,2009,carrier,98,Essential hypertension,85779,50154,4810580.0,,
primary_diagnosis_ccs,2009,carrier,133,Other lower respiratory disease,54879,34389,4055800.0,,
primary_diagnosis_ccs,2009,carrier,259,Residual codes; unclassified,35226,26494,3751930.0,,
primary_diagnosis_ccs,2009,carrier,106,Cardiac dysrhythmias,59989,29673,3660250.0,,
primary_diagnosis_ccs,2009,carrier,102,Nonspecific chest pain,34462,25060,3525020.0,,
primary_diagnosis_ccs,2009,carrier,158,Chronic kidney disease,28743,10672,3520780.0,,
primary_diagnosis_ccs,2009,carrier,211,Other connective tissue disease,42271,29562,3274120.0,,
primary_diagnosis_ccs,2009,carrier,203,Osteoarthritis,31462,22372,3130370.0,,
primary_diagnosis_ccs,2009,carrier,87,Retinal detachments; defects; vascular occlusion; and retinopathy,17161,14065,3095540.0,,
primary_diagnosis_ccs,2009,carrier,204,Other non-traumatic joint disorders,40003,28537,2998120.0,,
primary_diagnosis_ccs,2009,carrier,59,Deficiency and other anemia,32551,21955,2635090.0,,
primary_diagnosis_ccs,2009,carrier,23,Other non-epithelial cancer of skin,12962,10826,2588820.0,,
primary_diagnosis_ccs,2009,carrier,95,Other nervous system disorders,23322,18448,2580220.0,,
primary_diagnosis_ccs,2009,carrier,49,Diabetes mellitus without complication,47820,30492,2573210.0,,
primary_diagnosis_ccs,2009,carrier,29,Cancer of prostate,12926,7968,2465660.0,,
primary_diagnosis_ccs,2009,carrier,200,Other skin disorders,28263,22135,2229900.0,,
primary_diagnosis_ccs,2009,carrier,47,Other and unspecified benign neoplasm,15566,13297,2199240.0,,
primary_diagnosis_ccs,2009,carrier,251,Abdominal pain,23692,18886,2140250.0,,
primary_diagnosis_ccs,2009,carrier,24,Cancer of breast,13455,8160,2079040.0,,
primary_diagnosis_ccs,2009,carrier,108,Congestive heart failure; nonhypertensive,23275,16180,2025410.0,,
primary_diagnosis_ccs,2009,carrier,53,Disorders of lipid metabolism,39521,29285,1890280.0,,
primary_diagnosis_ccs,2009,carrier,127,Chronic obstructive pulmonary disease and bronchiectasis,24134,16612,1798160.0,,
primary_diagnosis_ccs,2009,carrier,131,Respiratory failure; insufficiency; arrest (adult),10730,7965,1749270.0,,
primary_diagnosis_ccs,2009,carrier,19,Cancer of bronchus; lung,9825,5941,1711160.0,,
primary_diagnosis_ccs,2009,carrier,88,Glaucoma,18494,12353,1610600.0,,
primary_diagnosis_ccs,2009,carrier,50,Diabetes mellitus with complications,23682,17729,1597700.0,,
primary_diagnosis_ccs,2009,carrier,163,Genitourinary symptoms and ill-defined conditions,19597,16378,1587410.0,,
primary_diagnosis_ccs,2009,carrier,212,Other bone disease and musculoskeletal deformities,41582,27552,1585290.0,,
primary_diagnosis_ccs,2009,carrier,44,Neoplasms of unspecified nature or uncertain behavior,12244,10388,1581640.0,,
primary_diagnosis_ccs,2009,carrier,155,Other gastrointestinal disorders,18034,15222,1571350.0,,
primary_diagnosis_ccs,2009,carrier,122,Pneumonia (except that caused by tuberculosis or sexually transmitted disease),15248,12015,1486280.0,,
primary_diagnosis_ccs,2009,carrier,258,Other screening for suspected conditions (not mental disorders or infectious disease),27215,21762,1476210.0,,
primary_diagnosis_ccs,2009,carrier,109,Acute cerebrovascular disease,12643,9650,1465760.0,,
primary_diagnosis_ccs,2009,carrier,657,Mood disorders,24413,15379,1437810.0,,
primary_diagnosis_ccs,2009,carrier,96,Heart valve disorders,12164,10521,1419600.0,,
primary_diagnosis_ccs,2009,carrier,117,Other circulatory disease,12475,11122,1353540.0,,
primary_diagnosis_ccs,2009,carrier,114,Peripheral and visceral atherosclerosis,12156,10626,1262940.0,,
primary_diagnosis_ccs,2009,carrier,91,Other eye disorders,12082,10803,1254110.0,,
primary_diagnosis_ccs,2009,carrier,159,Urinary tract infections,21914,17765,1178770.0,,
primary_diagnosis_ccs,2009,carrier,244,Other injuries and conditions due to external causes,11558,10173,1168140.0,,
primary_diagnosis_ccs,2009,carrier,237,Complication of device; implant or graft,5888,4779,1123460.0,,
primary_diagnosis_ccs,2009,carrier,257,Other aftercare,37246,25293,1090440.0,,
primary_diagnosis_ccs,2009,carrier,157,Acute and unspecified renal failure,8208,6607,1040910.0,,
primary_diagnosis_ccs,2009,carrier,153,Gastrointestinal hemorrhage,8142,7233,1037340.0,,
primary_diagnosis_ccs,2009,carrier,252,Malaise and fatigue,13291,11789,1018350.0,,
primary_diagnosis_ccs,2009,carrier,245,Syncope,9164,8098,1003000.0,,
primary_diagnosis_ccs,2009,carrier,653,"Delirium, dementia, and amnestic and other cognitive disorders",12564,9037,984400.0,,
primary_diagnosis_ccs,2009,carrier,48,Thyroid disorders,16871,14416,943000.0,,
primary_diagnosis_ccs,2009,carrier,197,Skin and subcutaneous tissue infections,11681,10228,934520.0,,
primary_diagnosis_ccs,2009,carrier,134,Other upper respiratory disease,14291,11708,916670.0,,
primary_diagnosis_ccs,2009,carrier,202,Rheumatoid arthritis and related disease,6862,5628,867880.0,,
primary_diagnosis_ccs,2009,carrier,10,Immunizations and screening for infectious disease,29577,24088,859380.0,,
primary_diagnosis_ccs,2009,carrier,226,Fracture of neck of femur (hip),6226,4880,841270.0,,
primary_diagnosis_ccs,2009,carrier,38,Non-Hodgkin`s lymphoma,4838,3860,823330.0,,
primary_diagnosis_ccs,2009,carrier,14,Cancer of colon,5130,3689,791160.0,,
primary_diagnosis_ccs,2009,carrier,93,Conditions associated with dizziness or vertigo,8507,7769,761470.0,,
primary_diagnosis_ccs,2009,carrier,199,Chronic ulcer of skin,9968,8191,760590.0,,
primary_diagnosis_ccs,2009,carrier,126,Other upper respiratory infections,12376,11148,748470.0,,
primary_diagnosis_ccs,2009,carrier,149,Biliary tract disease,5209,4706,736130.0,,
primary_diagnosis_ccs,2009,carrier,138,Esophageal disorders,8461,7744,712580.0,,
primary_diagnosis_ccs,2009,carrier,4,Mycoses,17471,14608,694960.0,,
primary_diagnosis_ccs,2009,carrier,99,Hypertension with complications and secondary hypertension,9200,8288,686930.0,,
primary_diagnosis_ccs,2009,carrier,659,Schizophrenia and other psychotic disorders,10191,6997,679260.0,,
primary_diagnosis_ccs,2009,carrier,110,Occlusion or stenosis of precerebral arteries,6146,5722,678280.0,,
primary_diagnosis_ccs,2009,carrier,55,Fluid and electrolyte disorders,8317,7341,670100.0,,
primary_diagnosis_ccs,2009,carrier,42,Secondary malignancies,2918,2507,667030.0,,
primary_diagnosis_ccs,2009,carrier,256,Medical examination/evaluation,16040,14156,652330.0,,
primary_diagnosis_ccs,2009,carrier,232,Sprains and strains,7512,6777,649860.0,,
primary_diagnosis_ccs,2009,carrier,164,Hyperplasia of prostate,7534,6912,636540.0,,
primary_diagnosis_ccs,2009,carrier,100,Acute myocardial infarction,3931,3379,594090.0,,
primary_diagnosis_ccs,2009,carrier,32,Cancer of bladder,3742,3213,594080.0,,
primary_diagnosis_ccs,2009,carrier,94,Other ear and sense organ disorders,8967,8244,592520.0,,
primary_diagnosis_ccs,2009,carrier,130,Pleurisy; pneumothorax; pulmonary collapse,11320,9273,575760.0,,
primary_diagnosis_ccs,2009,carrier,146,Diverticulosis and diverticulitis,4501,4240,569040.0,,
primary_diagnosis_ccs,2009,carrier,225,Joint disorders and dislocations; trauma-related,4261,3904,564790.0,,
primary_diagnosis_ccs,2009,carrier,167,Nonmalignant breast conditions,6560,6059,559580.0,,
primary_diagnosis_ccs,2009,carrier,83,Epilepsy; convulsions,5561,4843,552010.0,,
primary_diagnosis_ccs,2009,carrier,250,Nausea and vomiting,4640,4353,550370.0,,
primary_diagnosis_ccs,2009,carrier,58,Other nutritional; endocrine; and metabolic disorders,8123,7284,547940.0,,
primary_diagnosis_ccs,2009,carrier,143,Abdominal hernia,3739,3513,533160.0,,
primary_diagnosis_ccs,2009,carrier,229,Fracture of upper limb,5959,5314,518180.0,,
primary_diagnosis_ccs,2009,carrier,140,Gastritis and duodenitis,4003,3802,517740.0,,
primary_diagnosis_ccs,2009,carrier,151,Other liver diseases,5891,5355,512660.0,,
primary_diagnosis_ccs,2009,carrier,161,Other diseases of kidney and ureters,6861,5717,507220.0,,
primary_diagnosis_ccs,2009,carrier,253,Allergic reactions,7153,6609,506130.0,,
primary_diagnosis_ccs,2009,carrier,2,Septicemia (except in labor),3987,3496,505740.0,,
primary_diagnosis_ccs,2009,carrier,84,Headache; including migraine,6216,5713,499890.0,,
primary_diagnosis_ccs,2009,carrier,206,Osteoporosis,6438,5781,490800.0,,
primary_diagnosis_ccs,2009,carrier,115,Aortic; peripheral; and visceral artery aneurysms,3254,3047,475190.0,,
primary_diagnosis_ccs,2009,carrier,45,Maintenance chemotherapy; radiotherapy,1454,1301,453700.0,,
primary_diagnosis_ccs,2009,carrier,85,Coma; stupor; and brain damage,2776,2597,452820.0,,
primary_diagnosis_ccs,2009,carrier,231,Other fractures,4229,3900,452500.0,,
primary_diagnosis_ccs,2009,carrier,128,Asthma,5772,5333,452290.0,,
primary_diagnosis_ccs,2009,carrier,160,Calculus of urinary tract,4181,3794,430700.0,,
primary_diagnosis_ccs,2009,carrier,11,Cancer of head and neck,2149,1789,427270.0,,
primary_diagnosis_ccs,2009,carrier,230,Fracture of lower limb,4766,4347,420630.0,,
primary_diagnosis_ccs,2009,carrier,105,Conduction disorders,7177,6452,401680.0,,
primary_diagnosis_ccs,2009,carrier,239,Superficial injury; contusion,5851,5536,397600.0,,
primary_diagnosis_ccs,2009,carrier,112,Transient cerebral ischemia,3667,3375,395560.0,,
primary_diagnosis_ccs,2009,carrier,15,Cancer of rectum and anus,2228,1765,392860.0,,
primary_diagnosis_ccs,2009,carrier,118,Phlebitis; thrombophlebitis and thromboembolism,6327,5653,389580.0,,
primary_diagnosis_ccs,2009,carrier,238,Complications of surgical procedures or medical care,3595,3309,387580.0,,
primary_diagnosis_ccs,2009,carrier,40,Multiple myeloma,2315,1845,384480.0,,
primary_diagnosis_ccs,2009,carrier,97,Peri-; endo-; and myocarditis; cardiomyopathy (except that caused by tuberculosis or sexually transmitted disease),3743,3461,375320.0,,
primary_diagnosis_ccs,2009,carrier,39,Leukemias,2789,2300,370280.0,,
primary_diagnosis_ccs,2009,carrier,246,Fever of unknown origin,4094,3783,368550.0,,
primary_diagnosis_ccs,2009,carrier,125,Acute bronchitis,6469,6097,368070.0,,
primary_diagnosis_ccs,2009,carrier,63,Diseases of white blood cells,2562,2391,367140.0,,
primary_diagnosis_ccs,2009,carrier,145,Intestinal obstruction without hernia,3059,2793,366820.0,,
primary_diagnosis_ccs,2009,carrier,90,Inflammation; infection of eye (except that caused by tuberculosis or sexually transmitteddisease),5884,5533,364910.0,,
primary_diagnosis_ccs,2009,carrier,208,Acquired foot deformities,3776,3563,349000.0,,
primary_diagnosis_ccs,2009,carrier,198,Other inflammatory condition of skin,4893,4480,346330.0,,
primary_diagnosis_ccs,2009,carrier,81,Other hereditary and degenerative nervous system conditions,3178,3007,336850.0,,
primary_diagnosis_ccs,2009,carrier,175,Other female genital disorders,3166,3005,323620.0,,
primary_diagnosis_ccs,2009,carrier,651,Anxiety disorders,4846,4314,311830.0,,
primary_diagnosis_ccs,2009,carrier,236,Open wounds of extremities,3542,3329,299090.0,,
primary_diagnosis_ccs,2009,carrier,62,Coagulation and hemorrhagic disorders,5054,4484,291000.0,,
primary_diagnosis_ccs,2009,carrier,103,Pulmonary heart disease,3386,3119,288690.0,,
primary_diagnosis_ccs,2009,carrier,51,Other endocrine disorders,3923,3632,288490.0,,
primary_diagnosis_ccs,2009,carrier,52,Nutritional deficiencies,6129,5663,288350.0,,
primary_diagnosis_ccs,2009,carrier,104,Other and ill-defined heart disease,4832,4511,277950.0,,
primary_diagnosis_ccs,2009,carrier,162,Other diseases of bladder and urethra,2667,2561,268900.0,,
primary_diagnosis_ccs,2009,carrier,173,Menopausal disorders,4123,3925,258150.0,,
primary_diagnosis_ccs,2009,carrier,27,Cancer of ovary,1587,1302,239060.0,,
primary_diagnosis_ccs,2009,carrier,235,Open wounds of head; neck; and trunk,2006,1934,238750.0,,
primary_diagnosis_ccs,2009,carrier,119,Varicose veins of lower extremity,2025,1908,232560.0,,
primary_diagnosis_ccs,2009,carrier,111,Other and ill-defined cerebrovascular disease,2191,2112,229000.0,,
primary_diagnosis_ccs,2009,carrier,89,Blindness and vision defects,2956,2882,226920.0,,
primary_diagnosis_ccs,2009,carrier,170,Prolapse of female genital organs,1893,1794,217110.0,,
primary_diagnosis_ccs,2009,carrier,79,Parkinson`s disease,2764,2561,209030.0,,
primary_diagnosis_ccs,2009,carrier,17,Cancer of pancreas,1271,1031,208350.0,,
primary_diagnosis_ccs,2009,carrier,152,Pancreatic disorders (not diabetes),1747,1620,207480.0,,
primary_diagnosis_ccs,2009,carrier,201,Infective arthritis and osteomyelitis (except that caused by tuberculosis or sexually transmitted disease),1828,1654,206960.0,,
primary_diagnosis_ccs,2009,carrier,113,Late effects of cerebrovascular disease,2068,1926,204110.0,,
primary_diagnosis_ccs,2009,carrier,7,Viral infection,3232,3098,204020.0,,
primary_diagnosis_ccs,2009,carrier,22,Melanomas of skin,1362,1251,201080.0,,
primary_diagnosis_ccs,2009,carrier,107,Cardiac arrest and ventricular fibrillation,1051,990,200360.0,,
primary_diagnosis_ccs,2009,carrier,121,Other diseases of veins and lymphatics,1998,1918,196700.0,,
primary_diagnosis_ccs,2009,carrier,209,Other acquired deformities,1333,1262,188850.0,,
primary_diagnosis_ccs,2009,carrier,207,Pathological fracture,1345,1288,184130.0,,
primary_diagnosis_ccs,2009,carrier,33,Cancer of kidney and renal pelvis,1291,1108,176850.0,,
primary_diagnosis_ccs,2009,carrier,650,Adjustment disorders,2730,2459,174720.0,,
primary_diagnosis_ccs,2009,carrier,154,Noninfectious gastroenteritis,1961,1910,173100.0,,
primary_diagnosis_ccs,2009,carrier,141,Other disorders of stomach and duodenum,1504,1446,171790.0,,
primary_diagnosis_ccs,2009,carrier,233,Intracranial injury,1418,1331,170000.0,,
primary_diagnosis_ccs,2009,carrier,25,Cancer of uterus,1042,818,164110.0,,
primary_diagnosis_ccs,2009,carrier,12,Cancer of esophagus,967,795,163400.0,,
primary_diagnosis_ccs,2009,carrier,92,Otitis media and related conditions,2255,2186,158630.0,,
primary_diagnosis_ccs,2009,carrier,254,Rehabilitation care; fitting of prostheses; and adjustment of devices,2820,2603,158160.0,,
primary_diagnosis_ccs,2009,carrier,80,Multiple sclerosis,1245,1133,146140.0,,
primary_diagnosis_ccs,2009,carrier,3,Bacterial infection; unspecified site,1326,1265,143040.0,,
primary_diagnosis_ccs,2009,carrier,166,Other male genital disorders,1900,1832,140870.0,,
primary_diagnosis_ccs,2009,carrier,82,Paralysis,1206,1125,139900.0,,
primary_diagnosis_ccs,2009,carrier,144,Regional enteritis and ulcerative colitis,1261,1197,136800.0,,
primary_diagnosis_ccs,2009,carrier,249,Shock,730,690,134600.0,,
primary_diagnosis_ccs,2009,carrier,13,Cancer of stomach,709,612,134150.0,,
primary_diagnosis_ccs,2009,carrier,135,Intestinal infection,1402,1348,132400.0,,
primary_diagnosis_ccs,2009,carrier,129,Aspiration pneumonitis; food/vomitus,1079,1007,125080.0,,
primary_diagnosis_ccs,2009,carrier,147,Anal and rectal conditions,1097,1061,121640.0,,
primary_diagnosis_ccs,2009,carrier,120,Hemorrhoids,1202,1171,120280.0,,
primary_diagnosis_ccs,2009,carrier,248,Gangrene,736,682,117230.0,,
primary_diagnosis_ccs,2009,carrier,54,Gout and other crystal arthropathies,2277,2191,116930.0,,
primary_diagnosis_ccs,2009,carrier,35,Cancer of brain and nervous system,658,574,114720.0,,
primary_diagnosis_ccs,2009,carrier,217,Other congenital anomalies,1145,1103,114400.0,,
primary_diagnosis_ccs,2009,carrier,116,Aortic and peripheral arterial embolism or thrombosis,654,630,113300.0,,
primary_diagnosis_ccs,2009,carrier,5,HIV infection,1339,1097,112510.0,,
primary_diagnosis_ccs,2009,carrier,661,Substance-related disorders,993,911,112390.0,,
primary_diagnosis_ccs,2009,carrier,247,Lymphadenitis,970,952,112330.0,,
primary_diagnosis_ccs,2009,carrier,21,Cancer of bone and connective tissue,618,553,112100.0,,
primary_diagnosis_ccs,2009,carrier,6,Hepatitis,1584,1491,108570.0,,
primary_diagnosis_ccs,2009,carrier,210,Systemic lupus erythematosus and connective tissue disorders,1456,1377,108520.0,,
primary_diagnosis_ccs,2009,carrier,242,Poisoning by other medications and drugs,1182,1144,102430.0,,
primary_diagnosis_ccs,2009,carrier,41,Cancer; other and unspecified primary,623,606,98980.0,,
primary_diagnosis_ccs,2009,carrier,139,Gastroduodenal ulcer (except hemorrhage),890,868,98430.0,,
primary_diagnosis_ccs,2009,carrier,213,Cardiac and circulatory congenital anomalies,776,764,95720.0,,
primary_diagnosis_ccs,2009,carrier,234,Crushing injury or internal injury,505,493,90420.0,,
primary_diagnosis_ccs,2009,carrier,660,Alcohol-related disorders,911,842,88780.0,,
primary_diagnosis_ccs,2009,carrier,unmapped,Invalid code format,370,348,87590.0,,
primary_diagnosis_ccs,2009,carrier,168,Inflammatory diseases of female pelvic organs,1266,1239,85560.0,,
primary_diagnosis_ccs,2009,carrier,18,Cancer of other GI organs; peritoneum,547,492,85120.0,,
primary_diagnosis_ccs,2009,carrier,137,Diseases of mouth; excluding dental,1056,1030,83490.0,,
primary_diagnosis_ccs,2009,carrier,43,Malignant neoplasm without specification of site,558,522,83320.0,,
primary_diagnosis_ccs,2009,carrier,670,Miscellaneous mental health disorders,1002,954,82520.0,,
primary_diagnosis_ccs,2009,carrier,16,Cancer of liver and intrahepatic bile duct,562,509,81320.0,,
primary_diagnosis_ccs,2009,carrier,165,Inflammatory conditions of male genital organs,1082,1056,68310.0,,
primary_diagnosis_ccs,2009,carrier,171,Menstrual disorders,692,665,60510.0,,
primary_diagnosis_ccs,2009,carrier,136,Disorders of teeth and jaw,857,833,58040.0,,
primary_diagnosis_ccs,2009,carrier,60,Acute posthemorrhagic anemia,517,504,56510.0,,
primary_diagnosis_ccs,2009,carrier,36,Cancer of thyroid,539,499,55180.0,,
primary_diagnosis_ccs,2009,carrier,26,Cancer of cervix,413,384,54550.0,,
primary_diagnosis_ccs,2009,carrier,148,Peritonitis and intestinal abscess,424,405,53830.0,,
primary_diagnosis_ccs,2009,carrier,64,Other hematologic conditions,739,713,53180.0,,
primary_diagnosis_ccs,2009,carrier,8,Other infections; including parasitic,757,731,51060.0,,
primary_diagnosis_ccs,2009,carrier,57,Immunity disorders,356,341,49750.0,,
primary_diagnosis_ccs,2009,carrier,142,Appendicitis and other appendiceal conditions,286,268,46830.0,,
primary_diagnosis_ccs,2009,carrier,46,Benign neoplasm of uterus,356,351,43650.0,,
primary_diagnosis_ccs,2009,carrier,28,Cancer of other female genital organs,310,291,42620.0,,
primary_diagnosis_ccs,2009,carrier,123,Influenza,519,513,42460.0,,
primary_diagnosis_ccs,2009,carrier,172,Ovarian cyst,424,416,41560.0,,
primary_diagnosis_ccs,2009,carrier,227,Spinal cord injury,250,242,37930.0,,
primary_diagnosis_ccs,2009,carrier,654,Developmental disorders,598,558,37060.0,,
primary_diagnosis_ccs,2009,carrier,156,Nephritis; nephrosis; renal sclerosis,374,365,35400.0,,
primary_diagnosis_ccs,2009,carrier,228,Skull and face fractures,378,373,34680.0,,
primary_diagnosis_ccs,2009,carrier,240,Burns,343,330,33390.0,,
primary_diagnosis_ccs,2009,carrier,37,Hodgkin`s disease,241,211,32180.0,,
primary_diagnosis_ccs,2009,carrier,663,Screening and history of mental health and substance abuse codes,450,447,30460.0,,
primary_diagnosis_ccs,2009,carrier,215,Genitourinary congenital anomalies,321,317,27530.0,,
primary_diagnosis_ccs,2009,carrier,61,Sickle cell anemia,277,228,27210.0,,
primary_diagnosis_ccs,2009,carrier,652,"Attention-deficit, conduct, and disruptive behavior disorders",309,298,26720.0,,
primary_diagnosis_ccs,2009,carrier,243,Poisoning by nonmedicinal substances,335,317,23390.0,,
primary_diagnosis_ccs,2009,carrier,255,Administrative/social admission,360,357,20940.0,,
primary_diagnosis_ccs,2009,carrier,34,Cancer of other urinary organs,136,131,19780.0,,
primary_diagnosis_ccs,2009,carrier,20,Cancer; other respiratory and intrathoracic,120,106,19320.0,,
primary_diagnosis_ccs,2009,carrier,2603,E Codes: Fall,137,137,18720.0,,
primary_diagnosis_ccs,2009,carrier,78,Other CNS infection and poliomyelitis,150,140,17450.0,,
primary_diagnosis_ccs,2009,carrier,214,Digestive congenital anomalies,139,138,17370.0,,
primary_diagnosis_ccs,2009,carrier,656,"Impulse control disorders, NEC",249,234,17100.0,,
primary_diagnosis_ccs,2009,carrier,76,Meningitis (except that caused by tuberculosis or sexually transmitted disease),155,148,16850.0,,
primary_diagnosis_ccs,2009,carrier,658,Personality disorders,182,169,14140.0,,
primary_diagnosis_ccs,2009,carrier,132,Lung disease due to external agents,145,145,12260.0,,
primary_diagnosis_ccs,2009,carrier,9,Sexually transmitted infections (not HIV or hepatitis),170,168,11220.0,,
primary_diagnosis_ccs,2009,carrier,195,Other complications of birth; puerperium affecting management of mother,126,120,10900.0,,
primary_diagnosis_ccs,2009,carrier,124,Acute and chronic tonsillitis,134,131,10550.0,,
primary_diagnosis_ccs,2009,carrier,216,Nervous system congenital anomalies,123,119,10330.0,,
primary_diagnosis_ccs,2009,carrier,181,Other complications of pregnancy,100,98,9760.0,,
primary_diagnosis_ccs,2009,carrier,196,Other pregnancy and delivery including normal,105,99,9750.0,,
primary_diagnosis_ccs,2009,carrier,77,Encephalitis (except that caused by tuberculosis or sexually transmitted disease),90,90,9590.0,,
primary_diagnosis_ccs,2009,carrier,169,Endometriosis,40,39,8540.0,,
primary_diagnosis_ccs,2009,carrier,241,Poisoning by psychotropic agents,72,70,7320.0,,
primary_diagnosis_ccs,2009,carrier,30,Cancer of testis,52,48,6940.0,,
primary_diagnosis_ccs,2009,carrier,655,"Disorders usually diagnosed in infancy, childhood, or adolescence",137,127,6740.0,,
primary_diagnosis_ccs,2009,carrier,1,Tuberculosis,112,108,6060.0,,
primary_diagnosis_ccs,2009,carrier,176,Contraceptive and procreative management,165,162,5190.0,,
primary_diagnosis_ccs,2009,carrier,224,Other perinatal conditions,43,43,4490.0,,
primary_diagnosis_ccs,2009,carrier,56,Cystic fibrosis,59,51,4470.0,,
primary_diagnosis_ccs,2009,carrier,2617,E Codes: Adverse effects of medical drugs,43,43,3910.0,,
primary_diagnosis_ccs,2009,carrier,183,Hypertension complicating pregnancy; childbirth and the puerperium,19,19,3080.0,,
primary_diagnosis_ccs,2009,carrier,662,Suicide and intentional self-inflicted injury,26,26,3060.0,,
primary_diagnosis_ccs,2009,carrier,unmapped,Missing primary diagnosis,38,37,2940.0,,
primary_diagnosis_ccs,2009,carrier,184,Early or threatened labor,10,9,2500.0,,
primary_diagnosis_ccs,2009,carrier,221,Respiratory distress syndrome,13,13,2000.0,,
primary_diagnosis_ccs,2009,carrier,182,Hemorrhage during pregnancy; abruptio placenta; placenta previa,23,22,1880.0,,
primary_diagnosis_ccs,2009,carrier,31,Cancer of other male genital organs,31,30,1750.0,,
primary_diagnosis_ccs,2009,carrier,2611,E Codes: Natural/environment,17,17,1750.0,,
primary_diagnosis_ccs,2009,carrier,220,Intrauterine hypoxia and birth asphyxia,10,9,1710.0,,
primary_diagnosis_ccs,2009,carrier,223,Birth trauma,14,14,1590.0,,
primary_diagnosis_ccs,2009,carrier,2616,E Codes: Adverse effects of medical care,2,2,1350.0,,
primary_diagnosis_ccs,2009,carrier,189,Previous C-section,10,8,1220.0,,
primary_diagnosis_ccs,2009,carrier,186,Diabetes or abnormal glucose tolerance complicating pregnancy; childbirth; or the puerperium,19,17,1100.0,,
primary_diagnosis_ccs,2009,carrier,2607,e codes: motor vehicle traffic (mvt),10,10,970.0,,
primary_diagnosis_ccs,2009,carrier,188,Fetopelvic disproportion; obstruction,3,3,840.0,,
primary_diagnosis_ccs,2009,carrier,190,Fetal distress and abnormal forces of labor,3,3,810.0,,
primary_diagnosis_ccs,2009,carrier,174,Female infertility,9,9,630.0,,
primary_diagnosis_ccs,2009,carrier,193,OB-related trauma to perineum and vulva,2,2,610.0,,
primary_diagnosis_ccs,2009,carrier,2618,E Codes: Other specified and classifiable,4,4,570.0,,
primary_diagnosis_ccs,2009,carrier,179,Postabortion complications,8,8,540.0,,
primary_diagnosis_ccs,2009,carrier,177,Spontaneous abortion,7,7,520.0,,
primary_diagnosis_ccs,2009,carrier,2619,e codes: other specified- nec,2,2,400.0,,
primary_diagnosis_ccs,2009,carrier,191,Polyhydramnios and other problems of amniotic cavity,4,4,370.0,,
primary_diagnosis_ccs,2009,carrier,178,Induced abortion,7,7,320.0,,
primary_diagnosis_ccs,2009,carrier,2613,E Codes: Poisoning,5,5,210.0,,
primary_diagnosis_ccs,2009,carrier,180,Ectopic pregnancy,3,3,190.0,,
primary_diagnosis_ccs,2009,carrier,219,Short gestation; low birth weight; and fetal growth retardation,1,1,170.0,,
primary_diagnosis_ccs,2009,carrier,2620,E Codes: Unspecified,4,4,150.0,,
primary_diagnosis_ccs,2009,carrier,185,Prolonged pregnancy,2,1,100.0,,
primary_diagnosis_ccs,2009,carrier,187,Malposition; malpresentation,3,3,100.0,,
primary_diagnosis_ccs,2009,carrier,2621,E Codes: Place of occurrence,1,1,90.0,,
primary_diagnosis_ccs,2009,carrier,2606,E Codes: Machinery,1,1,60.0,,
primary_diagnosis_ccs,2009,carrier,2614,E Codes: Struck by- against,2,2,50.0,,
primary_diagnosis_ccs,2009,carrier,218,Liveborn,1,1,50.0,,
primary_diagnosis_ccs,2009,carrier,2604,E Codes: Fire/burn,1,1,20.0,,
primary_diagnosis_ccs,2009,carrier,2610,e codes: transport- not mvt,1,1,0.0,,
primary_diagnosis_ccs,2009,inpatient,2,Septicemia (except in labor),933,913,14081290.0,,
primary_diagnosis_ccs,2009,inpatient,254,Rehabilitation care; fitting of prostheses; and adjustment of devices,750,742,11726400.0,,
primary_diagnosis_ccs,2009,inpatient,101,Coronary atherosclerosis and other heart disease,775,768,10499530.0,,
primary_diagnosis_ccs,2009,inpatient,108,Congestive heart failure; nonhypertensive,1250,1211,10369900.0,,
primary_diagnosis_ccs,2009,inpatient,203,Osteoarthritis,905,892,10286600.0,,
primary_diagnosis_ccs,2009,inpatient,237,Complication of device; implant or graft,656,643,9386700.0,,
primary_diagnosis_ccs,2009,inpatient,122,Pneumonia (except that caused by tuberculosis or sexually transmitted disease),1143,1116,8829300.0,,
primary_diagnosis_ccs,2009,inpatient,100,Acute myocardial infarction,580,573,7738400.0,,
primary_diagnosis_ccs,2009,inpatient,131,Respiratory failure; insufficiency; arrest (adult),423,419,7379000.0,,
primary_diagnosis_ccs,2009,inpatient,106,Cardiac dysrhythmias,893,881,7378750.0,,
primary_diagnosis_ccs,2009,inpatient,109,Acute cerebrovascular disease,631,622,5934000.0,,
primary_diagnosis_ccs,2009,inpatient,205,Spondylosis; intervertebral disc disorders; other back problems,475,474,5205800.0,,
primary_diagnosis_ccs,2009,inpatient,226,Fracture of neck of femur (hip),429,424,5036400.0,,
primary_diagnosis_ccs,2009,inpatient,127,Chronic obstructive pulmonary disease and bronchiectasis,782,755,5003240.0,,
primary_diagnosis_ccs,2009,inpatient,238,Complications of surgical procedures or medical care,402,398,4513400.0,,
primary_diagnosis_ccs,2009,inpatient,96,Heart valve disorders,124,124,4329000.0,,
primary_diagnosis_ccs,2009,inpatient,157,Acute and unspecified renal failure,438,436,3505200.0,,
primary_diagnosis_ccs,2009,inpatient,159,Urinary tract infections,612,603,3480200.0,,
primary_diagnosis_ccs,2009,inpatient,129,Aspiration pneumonitis; food/vomitus,261,261,3345500.0,,
primary_diagnosis_ccs,2009,inpatient,50,Diabetes mellitus with complications,348,343,3207590.0,,
primary_diagnosis_ccs,2009,inpatient,145,Intestinal obstruction without hernia,354,353,3131000.0,,
primary_diagnosis_ccs,2009,inpatient,657,Mood disorders,428,415,3051200.0,,
primary_diagnosis_ccs,2009,inpatient,149,Biliary tract disease,292,292,2868700.0,,
primary_diagnosis_ccs,2009,inpatient,42,Secondary malignancies,203,201,2786000.0,,
primary_diagnosis_ccs,2009,inpatient,55,Fluid and electrolyte disorders,502,497,2750800.0,,
primary_diagnosis_ccs,2009,inpatient,153,Gastrointestinal hemorrhage,362,362,2656010.0,,
primary_diagnosis_ccs,2009,inpatient,659,Schizophrenia and other psychotic disorders,369,350,2577110.0,,
primary_diagnosis_ccs,2009,inpatient,114,Peripheral and visceral atherosclerosis,200,200,2530100.0,,
primary_diagnosis_ccs,2009,inpatient,197,Skin and subcutaneous tissue infections,365,364,2398900.0,,
primary_diagnosis_ccs,2009,inpatient,115,Aortic; peripheral; and visceral artery aneurysms,113,112,2327000.0,,
primary_diagnosis_ccs,2009,inpatient,99,Hypertension with complications and secondary hypertension,234,232,2266500.0,,
primary_diagnosis_ccs,2009,inpatient,146,Diverticulosis and diverticulitis,256,251,2041500.0,,
primary_diagnosis_ccs,2009,inpatient,19,Cancer of bronchus; lung,149,148,1998000.0,,
primary_diagnosis_ccs,2009,inpatient,231,Other fractures,228,228,1915200.0,,
primary_diagnosis_ccs,2009,inpatient,653,"Delirium, dementia, and amnestic and other cognitive disorders",218,218,1914600.0,,
primary_diagnosis_ccs,2009,inpatient,143,Abdominal hernia,164,164,1776100.0,,
primary_diagnosis_ccs,2009,inpatient,135,Intestinal infection,210,209,1661000.0,,
primary_diagnosis_ccs,2009,inpatient,233,Intracranial injury,136,135,1624700.0,,
primary_diagnosis_ccs,2009,inpatient,155,Other gastrointestinal disorders,174,173,1616500.0,,
primary_diagnosis_ccs,2009,inpatient,103,Pulmonary heart disease,168,167,1614340.0,,
primary_diagnosis_ccs,2009,inpatient,95,Other nervous system disorders,206,206,1586000.0,,
primary_diagnosis_ccs,2009,inpatient,152,Pancreatic disorders (not diabetes),170,170,1549000.0,,
primary_diagnosis_ccs,2009,inpatient,14,Cancer of colon,102,102,1461000.0,,
primary_diagnosis_ccs,2009,inpatient,102,Nonspecific chest pain,437,434,1446480.0,,
primary_diagnosis_ccs,2009,inpatient,230,Fracture of lower limb,148,148,1429000.0,,
primary_diagnosis_ccs,2009,inpatient,130,Pleurisy; pneumothorax; pulmonary collapse,116,116,1377000.0,,
primary_diagnosis_ccs,2009,inpatient,97,Peri-; endo-; and myocarditis; cardiomyopathy (except that caused by tuberculosis or sexually transmitted disease),64,64,1266000.0,,
primary_diagnosis_ccs,2009,inpatient,118,Phlebitis; thrombophlebitis and thromboembolism,178,178,1247400.0,,
primary_diagnosis_ccs,2009,inpatient,105,Conduction disorders,86,85,1241000.0,,
primary_diagnosis_ccs,2009,inpatient,110,Occlusion or stenosis of precerebral arteries,174,173,1222000.0,,
primary_diagnosis_ccs,2009,inpatient,128,Asthma,218,217,1205500.0,,
primary_diagnosis_ccs,2009,inpatient,245,Syncope,257,257,1190500.0,,
primary_diagnosis_ccs,2009,inpatient,59,Deficiency and other anemia,199,198,1189600.0,,
primary_diagnosis_ccs,2009,inpatient,201,Infective arthritis and osteomyelitis (except that caused by tuberculosis or sexually transmitted disease),71,71,1068000.0,,
primary_diagnosis_ccs,2009,inpatient,133,Other lower respiratory disease,122,121,1040300.0,,
primary_diagnosis_ccs,2009,inpatient,199,Chronic ulcer of skin,78,78,1023700.0,,
primary_diagnosis_ccs,2009,inpatient,117,Other circulatory disease,168,168,1006000.0,,
primary_diagnosis_ccs,2009,inpatient,207,Pathological fracture,91,91,956000.0,,
primary_diagnosis_ccs,2009,inpatient,47,Other and unspecified benign neoplasm,78,78,953300.0,,
primary_diagnosis_ccs,2009,inpatient,83,Epilepsy; convulsions,148,147,936370.0,,
primary_diagnosis_ccs,2009,inpatient,248,Gangrene,47,47,831000.0,,
primary_diagnosis_ccs,2009,inpatient,229,Fracture of upper limb,95,94,824080.0,,
primary_diagnosis_ccs,2009,inpatient,151,Other liver diseases,89,89,819600.0,,
primary_diagnosis_ccs,2009,inpatient,45,Maintenance chemotherapy; radiotherapy,61,60,757700.0,,
primary_diagnosis_ccs,2009,inpatient,138,Esophageal disorders,110,110,753200.0,,
primary_diagnosis_ccs,2009,inpatient,112,Transient cerebral ischemia,178,176,723000.0,,
primary_diagnosis_ccs,2009,inpatient,141,Other disorders of stomach and duodenum,69,68,683800.0,,
primary_diagnosis_ccs,2009,inpatient,211,Other connective tissue disease,98,98,661000.0,,
primary_diagnosis_ccs,2009,inpatient,209,Other acquired deformities,28,28,647000.0,,
primary_diagnosis_ccs,2009,inpatient,660,Alcohol-related disorders,115,113,633000.0,,
primary_diagnosis_ccs,2009,inpatient,212,Other bone disease and musculoskeletal deformities,47,47,605000.0,,
primary_diagnosis_ccs,2009,inpatient,29,Cancer of prostate,75,75,589000.0,,
primary_diagnosis_ccs,2009,inpatient,661,Substance-related disorders,96,96,576600.0,,
primary_diagnosis_ccs,2009,inpatient,39,Leukemias,29,29,575000.0,,
primary_diagnosis_ccs,2009,inpatient,58,Other nutritional; endocrine; and metabolic disorders,76,76,552000.0,,
primary_diagnosis_ccs,2009,inpatient,81,Other hereditary and degenerative nervous system conditions,44,44,523800.0,,
primary_diagnosis_ccs,2009,inpatient,234,Crushing injury or internal injury,36,36,518000.0,,
primary_diagnosis_ccs,2009,inpatient,139,Gastroduodenal ulcer (except hemorrhage),33,33,505500.0,,
primary_diagnosis_ccs,2009,inpatient,38,Non-Hodgkin`s lymphoma,33,33,503010.0,,
primary_diagnosis_ccs,2009,inpatient,32,Cancer of bladder,51,51,501000.0,,
primary_diagnosis_ccs,2009,inpatient,259,Residual codes; unclassified,96,96,474100.0,,
primary_diagnosis_ccs,2009,inpatient,240,Burns,12,12,468000.0,,
primary_diagnosis_ccs,2009,inpatient,142,Appendicitis and other appendiceal conditions,39,39,466000.0,,
primary_diagnosis_ccs,2009,inpatient,40,Multiple myeloma,20,20,466000.0,,
primary_diagnosis_ccs,2009,inpatient,33,Cancer of kidney and renal pelvis,35,35,444200.0,,
primary_diagnosis_ccs,2009,inpatient,140,Gastritis and duodenitis,77,77,444000.0,,
primary_diagnosis_ccs,2009,inpatient,147,Anal and rectal conditions,42,42,424000.0,,
primary_diagnosis_ccs,2009,inpatient,17,Cancer of pancreas,34,34,411000.0,,
primary_diagnosis_ccs,2009,inpatient,24,Cancer of breast,73,73,406000.0,,
primary_diagnosis_ccs,2009,inpatient,160,Calculus of urinary tract,71,71,403200.0,,
primary_diagnosis_ccs,2009,inpatient,15,Cancer of rectum and anus,29,29,399000.0,,
primary_diagnosis_ccs,2009,inpatient,170,Prolapse of female genital organs,83,83,383800.0,,
primary_diagnosis_ccs,2009,inpatient,51,Other endocrine disorders,59,59,381400.0,,
primary_diagnosis_ccs,2009,inpatient,154,Noninfectious gastroenteritis,95,95,370200.0,,
primary_diagnosis_ccs,2009,inpatient,44,Neoplasms of unspecified nature or uncertain behavior,38,38,370000.0,,
primary_diagnosis_ccs,2009,inpatient,unmapped,Missing primary diagnosis,13,13,364000.0,,
primary_diagnosis_ccs,2009,inpatient,251,Abdominal pain,78,78,358000.0,,
primary_diagnosis_ccs,2009,inpatient,164,Hyperplasia of prostate,80,80,358000.0,,
primary_diagnosis_ccs,2009,inpatient,116,Aortic and peripheral arterial embolism or thrombosis,26,26,355000.0,,
primary_diagnosis_ccs,2009,inpatient,25,Cancer of uterus,32,32,337000.0,,
primary_diagnosis_ccs,2009,inpatient,161,Other diseases of kidney and ureters,30,30,319000.0,,
primary_diagnosis_ccs,2009,inpatient,35,Cancer of brain and nervous system,21,20,315000.0,,
primary_diagnosis_ccs,2009,inpatient,242,Poisoning by other medications and drugs,51,51,307900.0,,
primary_diagnosis_ccs,2009,inpatient,11,Cancer of head and neck,14,14,300000.0,,
primary_diagnosis_ccs,2009,inpatient,63,Diseases of white blood cells,33,33,294000.0,,
primary_diagnosis_ccs,2009,inpatient,239,Superficial injury; contusion,47,47,270000.0,,
primary_diagnosis_ccs,2009,inpatient,162,Other diseases of bladder and urethra,18,18,268000.0,,
primary_diagnosis_ccs,2009,inpatient,111,Other and ill-defined cerebrovascular disease,22,22,264000.0,,
primary_diagnosis_ccs,2009,inpatient,125,Acute bronchitis,63,63,260900.0,,
primary_diagnosis_ccs,2009,inpatient,120,Hemorrhoids,31,31,260000.0,,
primary_diagnosis_ccs,2009,inpatient,158,Chronic kidney disease,25,25,252000.0,,
primary_diagnosis_ccs,2009,inpatient,217,Other congenital anomalies,12,12,249000.0,,
primary_diagnosis_ccs,2009,inpatient,244,Other injuries and conditions due to external causes,34,34,241500.0,,
primary_diagnosis_ccs,2009,inpatient,5,HIV infection,18,18,235000.0,,
primary_diagnosis_ccs,2009,inpatient,121,Other diseases of veins and lymphatics,22,22,224000.0,,
primary_diagnosis_ccs,2009,inpatient,16,Cancer of liver and intrahepatic bile duct,16,16,222000.0,,
primary_diagnosis_ccs,2009,inpatient,93,Conditions associated with dizziness or vertigo,65,65,219390.0,,
primary_diagnosis_ccs,2009,inpatient,204,Other non-traumatic joint disorders,33,33,217220.0,,
primary_diagnosis_ccs,2009,inpatient,48,Thyroid disorders,27,27,207800.0,,
primary_diagnosis_ccs,2009,inpatient,246,Fever of unknown origin,36,36,202000.0,,
primary_diagnosis_ccs,2009,inpatient,7,Viral infection,35,35,197000.0,,
primary_diagnosis_ccs,2009,inpatient,98,Essential hypertension,40,40,194100.0,,
primary_diagnosis_ccs,2009,inpatient,4,Mycoses,18,18,194000.0,,
primary_diagnosis_ccs,2009,inpatient,144,Regional enteritis and ulcerative colitis,28,28,189700.0,,
primary_diagnosis_ccs,2009,inpatient,79,Parkinson`s disease,16,16,187000.0,,
primary_diagnosis_ccs,2009,inpatient,232,Sprains and strains,24,24,187000.0,,
primary_diagnosis_ccs,2009,inpatient,85,Coma; stupor; and brain damage,24,24,181000.0,,
primary_diagnosis_ccs,2009,inpatient,3,Bacterial infection; unspecified site,9,9,181000.0,,
primary_diagnosis_ccs,2009,inpatient,107,Cardiac arrest and ventricular fibrillation,17,17,179000.0,,
primary_diagnosis_ccs,2009,inpatient,18,Cancer of other GI organs; peritoneum,14,14,179000.0,,
primary_diagnosis_ccs,2009,inpatient,13,Cancer of stomach,15,15,177000.0,,
primary_diagnosis_ccs,2009,inpatient,148,Peritonitis and intestinal abscess,21,21,173000.0,,
primary_diagnosis_ccs,2009,inpatient,241,Poisoning by psychotropic agents,29,29,172000.0,,
primary_diagnosis_ccs,2009,inpatient,61,Sickle cell anemia,38,38,169400.0,,
primary_diagnosis_ccs,2009,inpatient,227,Spinal cord injury,7,7,166000.0,,
primary_diagnosis_ccs,2009,inpatient,113,Late effects of cerebrovascular disease,25,25,166000.0,,
primary_diagnosis_ccs,2009,inpatient,210,Systemic lupus erythematosus and connective tissue disorders,11,11,164000.0,,
primary_diagnosis_ccs,2009,inpatient,163,Genitourinary symptoms and ill-defined conditions,35,35,159000.0,,
primary_diagnosis_ccs,2009,inpatient,228,Skull and face fractures,18,18,159000.0,,
primary_diagnosis_ccs,2009,inpatient,27,Cancer of ovary,11,11,158000.0,,
primary_diagnosis_ccs,2009,inpatient,60,Acute posthemorrhagic anemia,26,26,156000.0,,
primary_diagnosis_ccs,2009,inpatient,257,Other aftercare,8,8,151000.0,,
primary_diagnosis_ccs,2009,inpatient,175,Other female genital disorders,22,22,150000.0,,
primary_diagnosis_ccs,2009,inpatient,12,Cancer of esophagus,9,9,148000.0,,
primary_diagnosis_ccs,2009,inpatient,134,Other upper respiratory disease,24,24,146400.0,,
primary_diagnosis_ccs,2009,inpatient,62,Coagulation and hemorrhagic disorders,14,14,146000.0,,
primary_diagnosis_ccs,2009,inpatient,252,Malaise and fatigue,32,32,126000.0,,
primary_diagnosis_ccs,2009,inpatient,80,Multiple sclerosis,13,13,124000.0,,
primary_diagnosis_ccs,2009,inpatient,250,Nausea and vomiting,26,26,122800.0,,
primary_diagnosis_ccs,2009,inpatient,236,Open wounds of extremities,16,16,115060.0,,
primary_diagnosis_ccs,2009,inpatient,123,Influenza,25,25,115000.0,,
primary_diagnosis_ccs,2009,inpatient,6,Hepatitis,14,14,112000.0,,
primary_diagnosis_ccs,2009,inpatient,213,Cardiac and circulatory congenital anomalies,5,5,106000.0,,
primary_diagnosis_ccs,2009,inpatient,54,Gout and other crystal arthropathies,18,18,101000.0,,
primary_diagnosis_ccs,2009,inpatient,225,Joint disorders and dislocations; trauma-related,16,16,99000.0,,
primary_diagnosis_ccs,2009,inpatient,126,Other upper respiratory infections,20,20,97000.0,,
primary_diagnosis_ccs,2009,inpatient,132,Lung disease due to external agents,9,9,94000.0,,
primary_diagnosis_ccs,2009,inpatient,84,Headache; including migraine,24,24,86000.0,,
primary_diagnosis_ccs,2009,inpatient,52,Nutritional deficiencies,16,16,83000.0,,
primary_diagnosis_ccs,2009,inpatient,651,Anxiety disorders,20,20,81200.0,,
primary_diagnosis_ccs,2009,inpatient,76,Meningitis (except that caused by tuberculosis or sexually transmitted disease),6,6,80000.0,,
primary_diagnosis_ccs,2009,inpatient,247,Lymphadenitis,7,7,75000.0,,
primary_diagnosis_ccs,2009,inpatient,46,Benign neoplasm of uterus,11,11,73000.0,,
primary_diagnosis_ccs,2009,inpatient,202,Rheumatoid arthritis and related disease,9,9,71000.0,,
primary_diagnosis_ccs,2009,inpatient,168,Inflammatory diseases of female pelvic organs,7,7,70000.0,,
primary_diagnosis_ccs,2009,inpatient,165,Inflammatory conditions of male genital organs,14,14,63000.0,,
primary_diagnosis_ccs,2009,inpatient,208,Acquired foot deformities,8,8,62000.0,,
primary_diagnosis_ccs,2009,inpatient,104,Other and ill-defined heart disease,8,8,60000.0,,
primary_diagnosis_ccs,2009,inpatient,216,Nervous system congenital anomalies,1,1,57000.0,,
primary_diagnosis_ccs,2009,inpatient,1,Tuberculosis,1,1,57000.0,,
primary_diagnosis_ccs,2009,inpatient,214,Digestive congenital anomalies,2,2,57000.0,,
primary_diagnosis_ccs,2009,inpatient,8,Other infections; including parasitic,8,8,55000.0,,
primary_diagnosis_ccs,2009,inpatient,198,Other inflammatory condition of skin,8,8,54000.0,,
primary_diagnosis_ccs,2009,inpatient,82,Paralysis,5,5,51000.0,,
primary_diagnosis_ccs,2009,inpatient,654,Developmental disorders,5,5,49000.0,,
primary_diagnosis_ccs,2009,inpatient,34,Cancer of other urinary organs,5,5,48000.0,,
primary_diagnosis_ccs,2009,inpatient,78,Other CNS infection and poliomyelitis,2,2,48000.0,,
primary_diagnosis_ccs,2009,inpatient,136,Disorders of teeth and jaw,10,10,47000.0,,
primary_diagnosis_ccs,2009,inpatient,658,Personality disorders,4,4,44000.0,,
primary_diagnosis_ccs,2009,inpatient,156,Nephritis; nephrosis; renal sclerosis,3,3,42000.0,,
primary_diagnosis_ccs,2009,inpatient,137,Diseases of mouth; excluding dental,7,7,42000.0,,
primary_diagnosis_ccs,2009,inpatient,41,Cancer; other and unspecified primary,5,5,42000.0,,
primary_diagnosis_ccs,2009,inpatient,670,Miscellaneous mental health disorders,12,12,41600.0,,
primary_diagnosis_ccs,2009,inpatient,650,Adjustment disorders,8,8,39000.0,,
primary_diagnosis_ccs,2009,inpatient,167,Nonmalignant breast conditions,8,8,39000.0,,
primary_diagnosis_ccs,2009,inpatient,21,Cancer of bone and connective tissue,5,5,39000.0,,
primary_diagnosis_ccs,2009,inpatient,243,Poisoning by nonmedicinal substances,5,5,38000.0,,
primary_diagnosis_ccs,2009,inpatient,171,Menstrual disorders,6,6,38000.0,,
primary_diagnosis_ccs,2009,inpatient,28,Cancer of other female genital organs,5,5,37000.0,,
primary_diagnosis_ccs,2009,inpatient,173,Menopausal disorders,6,6,36000.0,,
primary_diagnosis_ccs,2009,inpatient,37,Hodgkin`s disease,2,2,36000.0,,
primary_diagnosis_ccs,2009,inpatient,49,Diabetes mellitus without complication,8,8,36000.0,,
primary_diagnosis_ccs,2009,inpatient,56,Cystic fibrosis,3,3,35000.0,,
primary_diagnosis_ccs,2009,inpatient,36,Cancer of thyroid,6,6,35000.0,,
primary_diagnosis_ccs,2009,inpatient,77,Encephalitis (except that caused by tuberculosis or sexually transmitted disease),2,2,35000.0,,
primary_diagnosis_ccs,2009,inpatient,26,Cancer of cervix,5,5,34000.0,,
primary_diagnosis_ccs,2009,inpatient,656,"Impulse control disorders, NEC",3,3,33000.0,,
primary_diagnosis_ccs,2009,inpatient,172,Ovarian cyst,6,6,32000.0,,
primary_diagnosis_ccs,2009,inpatient,91,Other eye disorders,4,4,31000.0,,
primary_diagnosis_ccs,2009,inpatient,90,Inflammation; infection of eye (except that caused by tuberculosis or sexually transmitteddisease),7,7,30000.0,,
primary_diagnosis_ccs,2009,inpatient,22,Melanomas of skin,4,4,30000.0,,
primary_diagnosis_ccs,2009,inpatient,87,Retinal detachments; defects; vascular occlusion; and retinopathy,2,2,29000.0,,
primary_diagnosis_ccs,2009,inpatient,215,Genitourinary congenital anomalies,3,3,28000.0,,
primary_diagnosis_ccs,2009,inpatient,20,Cancer; other respiratory and intrathoracic,3,3,27000.0,,
primary_diagnosis_ccs,2009,inpatient,235,Open wounds of head; neck; and trunk,8,8,27000.0,,
primary_diagnosis_ccs,2009,inpatient,166,Other male genital disorders,4,4,25000.0,,
primary_diagnosis_ccs,2009,inpatient,253,Allergic reactions,8,8,25000.0,,
primary_diagnosis_ccs,2009,inpatient,43,Malignant neoplasm without specification of site,4,4,24000.0,,
primary_diagnosis_ccs,2009,inpatient,23,Other non-epithelial cancer of skin,4,4,24000.0,,
primary_diagnosis_ccs,2009,inpatient,200,Other skin disorders,4,4,22000.0,,
primary_diagnosis_ccs,2009,inpatient,663,Screening and history of mental health and substance abuse codes,3,3,20000.0,,
primary_diagnosis_ccs,2009,inpatient,195,Other complications of birth; puerperium affecting management of mother,5,5,19000.0,,
primary_diagnosis_ccs,2009,inpatient,94,Other ear and sense organ disorders,3,3,19000.0,,
primary_diagnosis_ccs,2009,inpatient,181,Other complications of pregnancy,5,5,18200.0,,
primary_diagnosis_ccs,2009,inpatient,249,Shock,2,2,18000.0,,
primary_diagnosis_ccs,2009,inpatient,124,Acute and chronic tonsillitis,3,3,17000.0,,
primary_diagnosis_ccs,2009,inpatient,169,Endometriosis,3,3,17000.0,,
primary_diagnosis_ccs,2009,inpatient,184,Early or threatened labor,2,2,16000.0,,
primary_diagnosis_ccs,2009,inpatient,119,Varicose veins of lower extremity,2,2,15000.0,,
primary_diagnosis_ccs,2009,inpatient,57,Immunity disorders,1,1,15000.0,,
primary_diagnosis_ccs,2009,inpatient,652,"Attention-deficit, conduct, and disruptive behavior disorders",3,3,12000.0,,
primary_diagnosis_ccs,2009,inpatient,10,Immunizations and screening for infectious disease,1,1,11000.0,,
primary_diagnosis_ccs,2009,inpatient,64,Other hematologic conditions,2,2,10000.0,,
primary_diagnosis_ccs,2009,inpatient,9,Sexually transmitted infections (not HIV or hepatitis),1,1,9000.0,,
primary_diagnosis_ccs,2009,inpatient,89,Blindness and vision defects,2,2,8000.0,,
primary_diagnosis_ccs,2009,inpatient,189,Previous C-section,2,2,7000.0,,
primary_diagnosis_ccs,2009,inpatient,258,Other screening for suspected conditions (not mental disorders or infectious disease),1,1,5000.0,,
primary_diagnosis_ccs,2009,inpatient,655,"Disorders usually diagnosed in infancy, childhood, or adolescence",1,1,5000.0,,
primary_diagnosis_ccs,2009,inpatient,190,Fetal distress and abnormal forces of labor,1,1,5000.0,,
primary_diagnosis_ccs,2009,inpatient,92,Otitis media and related conditions,1,1,4000.0,,
primary_diagnosis_ccs,2009,inpatient,180,Ectopic pregnancy,1,1,4000.0,,
primary_diagnosis_ccs,2009,inpatient,86,Cataract,1,1,3000.0,,
primary_diagnosis_ccs,2009,inpatient,187,Malposition; malpresentation,1,1,3000.0,,
primary_diagnosis_ccs,2009,inpatient,177,Spontaneous abortion,1,1,3000.0,,
primary_diagnosis_ccs,2009,inpatient,192,Umbilical cord complication,1,1,2000.0,,
primary_diagnosis_ccs,2009,inpatient,191,Polyhydramnios and other problems of amniotic cavity,2,2,2000.0,,
primary_diagnosis_ccs,2009,outpatient,158,Chronic kidney disease,10022,3807,19661930.0,,
primary_diagnosis_ccs,2009,outpatient,45,Maintenance chemotherapy; radiotherapy,2105,1862,2998480.0,,
primary_diagnosis_ccs,2009,outpatient,205,Spondylosis; intervertebral disc disorders; other back problems,11465,9985,2758490.0,,
primary_diagnosis_ccs,2009,outpatient,101,Coronary atherosclerosis and other heart disease,4906,4577,2417540.0,,
primary_diagnosis_ccs,2009,outpatient,102,Nonspecific chest pain,3997,3791,2339320.0,,
primary_diagnosis_ccs,2009,outpatient,211,Other connective tissue disease,7200,6682,2113450.0,,
primary_diagnosis_ccs,2009,outpatient,254,Rehabilitation care; fitting of prostheses; and adjustment of devices,5485,5130,1661290.0,,
primary_diagnosis_ccs,2009,outpatient,86,Cataract,2056,1978,1632830.0,,
primary_diagnosis_ccs,2009,outpatient,237,Complication of device; implant or graft,1347,1215,1555600.0,,
primary_diagnosis_ccs,2009,outpatient,95,Other nervous system disorders,4073,3839,1547500.0,,
primary_diagnosis_ccs,2009,outpatient,204,Other non-traumatic joint disorders,7203,6691,1528960.0,,
primary_diagnosis_ccs,2009,outpatient,133,Other lower respiratory disease,7266,6757,1453010.0,,
primary_diagnosis_ccs,2009,outpatient,59,Deficiency and other anemia,7567,6577,1388790.0,,
primary_diagnosis_ccs,2009,outpatient,251,Abdominal pain,4654,4426,1385310.0,,
primary_diagnosis_ccs,2009,outpatient,106,Cardiac dysrhythmias,11840,8272,1327190.0,,
primary_diagnosis_ccs,2009,outpatient,98,Essential hypertension,15383,13097,1260630.0,,
primary_diagnosis_ccs,2009,outpatient,259,Residual codes; unclassified,5948,5628,1185850.0,,
primary_diagnosis_ccs,2009,outpatient,258,Other screening for suspected conditions (not mental disorders or infectious disease),11971,10547,1184170.0,,
primary_diagnosis_ccs,2009,outpatient,24,Cancer of breast,2966,2488,1146340.0,,
primary_diagnosis_ccs,2009,outpatient,657,Mood disorders,3493,2901,989340.0,,
primary_diagnosis_ccs,2009,outpatient,257,Other aftercare,15435,12140,978620.0,,
primary_diagnosis_ccs,2009,outpatient,155,Other gastrointestinal disorders,3988,3810,950530.0,,
primary_diagnosis_ccs,2009,outpatient,114,Peripheral and visceral atherosclerosis,1490,1442,844880.0,,
primary_diagnosis_ccs,2009,outpatient,143,Abdominal hernia,885,867,831950.0,,
primary_diagnosis_ccs,2009,outpatient,49,Diabetes mellitus without complication,10681,8987,825650.0,,
primary_diagnosis_ccs,2009,outpatient,47,Other and unspecified benign neoplasm,1885,1842,804300.0,,
primary_diagnosis_ccs,2009,outpatient,19,Cancer of bronchus; lung,1784,1523,782000.0,,
primary_diagnosis_ccs,2009,outpatient,149,Biliary tract disease,721,711,761320.0,,
primary_diagnosis_ccs,2009,outpatient,127,Chronic obstructive pulmonary disease and bronchiectasis,4127,3778,750920.0,,
primary_diagnosis_ccs,2009,outpatient,203,Osteoarthritis,3340,3187,740980.0,,
primary_diagnosis_ccs,2009,outpatient,29,Cancer of prostate,2397,2031,736070.0,,
primary_diagnosis_ccs,2009,outpatient,105,Conduction disorders,1076,1042,685970.0,,
primary_diagnosis_ccs,2009,outpatient,159,Urinary tract infections,5615,5246,674960.0,,
primary_diagnosis_ccs,2009,outpatient,160,Calculus of urinary tract,1000,978,618490.0,,
primary_diagnosis_ccs,2009,outpatient,108,Congestive heart failure; nonhypertensive,3158,2887,596350.0,,
primary_diagnosis_ccs,2009,outpatient,50,Diabetes mellitus with complications,3645,3375,585370.0,,
primary_diagnosis_ccs,2009,outpatient,53,Disorders of lipid metabolism,9200,8305,576260.0,,
primary_diagnosis_ccs,2009,outpatient,232,Sprains and strains,1910,1860,574470.0,,
primary_diagnosis_ccs,2009,outpatient,163,Genitourinary symptoms and ill-defined conditions,4093,3939,572890.0,,
primary_diagnosis_ccs,2009,outpatient,245,Syncope,1150,1135,546380.0,,
primary_diagnosis_ccs,2009,outpatient,239,Superficial injury; contusion,2327,2260,546060.0,,
primary_diagnosis_ccs,2009,outpatient,38,Non-Hodgkin`s lymphoma,960,902,539660.0,,
primary_diagnosis_ccs,2009,outpatient,659,Schizophrenia and other psychotic disorders,2002,1698,536790.0,,
primary_diagnosis_ccs,2009,outpatient,653,"Delirium, dementia, and amnestic and other cognitive disorders",1860,1677,509650.0,,
primary_diagnosis_ccs,2009,outpatient,93,Conditions associated with dizziness or vertigo,1654,1619,457880.0,,
primary_diagnosis_ccs,2009,outpatient,244,Other injuries and conditions due to external causes,1514,1475,456580.0,,
primary_diagnosis_ccs,2009,outpatient,138,Esophageal disorders,1539,1510,451820.0,,
primary_diagnosis_ccs,2009,outpatient,225,Joint disorders and dislocations; trauma-related,633,625,442670.0,,
primary_diagnosis_ccs,2009,outpatient,252,Malaise and fatigue,2583,2512,441650.0,,
primary_diagnosis_ccs,2009,outpatient,202,Rheumatoid arthritis and related disease,1230,1154,440370.0,,
primary_diagnosis_ccs,2009,outpatient,229,Fracture of upper limb,984,964,438900.0,,
primary_diagnosis_ccs,2009,outpatient,44,Neoplasms of unspecified nature or uncertain behavior,1567,1470,435130.0,,
primary_diagnosis_ccs,2009,outpatient,117,Other circulatory disease,1402,1381,425730.0,,
primary_diagnosis_ccs,2009,outpatient,167,Nonmalignant breast conditions,2416,2352,424200.0,,
primary_diagnosis_ccs,2009,outpatient,256,Medical examination/evaluation,4808,4588,417790.0,,
primary_diagnosis_ccs,2009,outpatient,109,Acute cerebrovascular disease,1180,1098,409650.0,,
primary_diagnosis_ccs,2009,outpatient,199,Chronic ulcer of skin,1916,1803,393490.0,,
primary_diagnosis_ccs,2009,outpatient,84,Headache; including migraine,1620,1562,371200.0,,
primary_diagnosis_ccs,2009,outpatient,48,Thyroid disorders,4105,3919,369810.0,,
primary_diagnosis_ccs,2009,outpatient,113,Late effects of cerebrovascular disease,667,639,357490.0,,
primary_diagnosis_ccs,2009,outpatient,96,Heart valve disorders,1339,1278,348000.0,,
primary_diagnosis_ccs,2009,outpatient,99,Hypertension with complications and secondary hypertension,1163,1126,345300.0,,
primary_diagnosis_ccs,2009,outpatient,122,Pneumonia (except that caused by tuberculosis or sexually transmitted disease),1384,1347,339850.0,,
primary_diagnosis_ccs,2009,outpatient,23,Other non-epithelial cancer of skin,876,858,337070.0,,
primary_diagnosis_ccs,2009,outpatient,87,Retinal detachments; defects; vascular occlusion; and retinopathy,526,514,335890.0,,
primary_diagnosis_ccs,2009,outpatient,14,Cancer of colon,895,827,335740.0,,
primary_diagnosis_ccs,2009,outpatient,206,Osteoporosis,1660,1606,334960.0,,
primary_diagnosis_ccs,2009,outpatient,231,Other fractures,847,838,334550.0,,
primary_diagnosis_ccs,2009,outpatient,42,Secondary malignancies,494,473,329710.0,,
primary_diagnosis_ccs,2009,outpatient,58,Other nutritional; endocrine; and metabolic disorders,1812,1740,327430.0,,
primary_diagnosis_ccs,2009,outpatient,91,Other eye disorders,683,672,325210.0,,
primary_diagnosis_ccs,2009,outpatient,55,Fluid and electrolyte disorders,1886,1839,324770.0,,
primary_diagnosis_ccs,2009,outpatient,238,Complications of surgical procedures or medical care,953,909,318860.0,,
primary_diagnosis_ccs,2009,outpatient,32,Cancer of bladder,565,546,304340.0,,
primary_diagnosis_ccs,2009,outpatient,164,Hyperplasia of prostate,830,825,296710.0,,
primary_diagnosis_ccs,2009,outpatient,146,Diverticulosis and diverticulitis,748,745,293540.0,,
primary_diagnosis_ccs,2009,outpatient,197,Skin and subcutaneous tissue infections,1915,1848,291150.0,,
primary_diagnosis_ccs,2009,outpatient,126,Other upper respiratory infections,2433,2357,285220.0,,
primary_diagnosis_ccs,2009,outpatient,134,Other upper respiratory disease,1372,1346,283190.0,,
primary_diagnosis_ccs,2009,outpatient,39,Leukemias,677,630,278450.0,,
primary_diagnosis_ccs,2009,outpatient,140,Gastritis and duodenitis,657,654,269140.0,,
primary_diagnosis_ccs,2009,outpatient,235,Open wounds of head; neck; and trunk,842,830,260940.0,,
primary_diagnosis_ccs,2009,outpatient,161,Other diseases of kidney and ureters,1106,1091,255250.0,,
primary_diagnosis_ccs,2009,outpatient,153,Gastrointestinal hemorrhage,833,824,253940.0,,
primary_diagnosis_ccs,2009,outpatient,151,Other liver diseases,1234,1200,246800.0,,
primary_diagnosis_ccs,2009,outpatient,236,Open wounds of extremities,1334,1304,245880.0,,
primary_diagnosis_ccs,2009,outpatient,112,Transient cerebral ischemia,557,547,239460.0,,
primary_diagnosis_ccs,2009,outpatient,250,Nausea and vomiting,848,838,237090.0,,
primary_diagnosis_ccs,2009,outpatient,200,Other skin disorders,1929,1879,234700.0,,
primary_diagnosis_ccs,2009,outpatient,230,Fracture of lower limb,671,656,232080.0,,
primary_diagnosis_ccs,2009,outpatient,115,Aortic; peripheral; and visceral artery aneurysms,676,668,225820.0,,
primary_diagnosis_ccs,2009,outpatient,11,Cancer of head and neck,458,435,217330.0,,
primary_diagnosis_ccs,2009,outpatient,208,Acquired foot deformities,237,236,216050.0,,
primary_diagnosis_ccs,2009,outpatient,110,Occlusion or stenosis of precerebral arteries,742,733,215180.0,,
primary_diagnosis_ccs,2009,outpatient,83,Epilepsy; convulsions,1210,1147,204580.0,,
primary_diagnosis_ccs,2009,outpatient,175,Other female genital disorders,587,579,202410.0,,
primary_diagnosis_ccs,2009,outpatient,128,Asthma,897,871,188720.0,,
primary_diagnosis_ccs,2009,outpatient,40,Multiple myeloma,482,441,182650.0,,
primary_diagnosis_ccs,2009,outpatient,207,Pathological fracture,155,152,178170.0,,
primary_diagnosis_ccs,2009,outpatient,10,Immunizations and screening for infectious disease,3802,3635,175600.0,,
primary_diagnosis_ccs,2009,outpatient,212,Other bone disease and musculoskeletal deformities,1191,1177,167770.0,,
primary_diagnosis_ccs,2009,outpatient,80,Multiple sclerosis,359,343,166200.0,,
primary_diagnosis_ccs,2009,outpatient,15,Cancer of rectum and anus,398,378,166030.0,,
primary_diagnosis_ccs,2009,outpatient,162,Other diseases of bladder and urethra,342,338,165550.0,,
primary_diagnosis_ccs,2009,outpatient,100,Acute myocardial infarction,269,262,164060.0,,
primary_diagnosis_ccs,2009,outpatient,57,Immunity disorders,145,140,163810.0,,
primary_diagnosis_ccs,2009,outpatient,121,Other diseases of veins and lymphatics,661,645,162820.0,,
primary_diagnosis_ccs,2009,outpatient,51,Other endocrine disorders,691,673,157310.0,,
primary_diagnosis_ccs,2009,outpatient,79,Parkinson`s disease,433,420,152060.0,,
primary_diagnosis_ccs,2009,outpatient,154,Noninfectious gastroenteritis,472,468,150910.0,,
primary_diagnosis_ccs,2009,outpatient,144,Regional enteritis and ulcerative colitis,251,245,147890.0,,
primary_diagnosis_ccs,2009,outpatient,233,Intracranial injury,281,279,147250.0,,
primary_diagnosis_ccs,2009,outpatient,226,Fracture of neck of femur (hip),337,329,145130.0,,
primary_diagnosis_ccs,2009,outpatient,118,Phlebitis; thrombophlebitis and thromboembolism,1664,1572,138140.0,,
primary_diagnosis_ccs,2009,outpatient,27,Cancer of ovary,379,349,137650.0,,
primary_diagnosis_ccs,2009,outpatient,125,Acute bronchitis,1165,1152,135840.0,,
primary_diagnosis_ccs,2009,outpatient,17,Cancer of pancreas,247,230,133590.0,,
primary_diagnosis_ccs,2009,outpatient,25,Cancer of uterus,267,244,123110.0,,
primary_diagnosis_ccs,2009,outpatient,94,Other ear and sense organ disorders,957,945,120040.0,,
primary_diagnosis_ccs,2009,outpatient,2,Septicemia (except in labor),211,210,118510.0,,
primary_diagnosis_ccs,2009,outpatient,62,Coagulation and hemorrhagic disorders,1091,1038,117720.0,,
primary_diagnosis_ccs,2009,outpatient,130,Pleurisy; pneumothorax; pulmonary collapse,528,518,116170.0,,
primary_diagnosis_ccs,2009,outpatient,157,Acute and unspecified renal failure,526,514,114100.0,,
primary_diagnosis_ccs,2009,outpatient,651,Anxiety disorders,804,772,113750.0,,
primary_diagnosis_ccs,2009,outpatient,81,Other hereditary and degenerative nervous system conditions,419,410,106050.0,,
primary_diagnosis_ccs,2009,outpatient,201,Infective arthritis and osteomyelitis (except that caused by tuberculosis or sexually transmitted disease),369,344,103850.0,,
primary_diagnosis_ccs,2009,outpatient,22,Melanomas of skin,233,221,102820.0,,
primary_diagnosis_ccs,2009,outpatient,170,Prolapse of female genital organs,221,217,102510.0,,
primary_diagnosis_ccs,2009,outpatient,5,HIV infection,535,432,98800.0,,
primary_diagnosis_ccs,2009,outpatient,88,Glaucoma,523,504,97900.0,,
primary_diagnosis_ccs,2009,outpatient,119,Varicose veins of lower extremity,330,317,97510.0,,
primary_diagnosis_ccs,2009,outpatient,63,Diseases of white blood cells,346,337,96900.0,,
primary_diagnosis_ccs,2009,outpatient,152,Pancreatic disorders (not diabetes),253,252,96070.0,,
primary_diagnosis_ccs,2009,outpatient,135,Intestinal infection,189,189,93320.0,,
primary_diagnosis_ccs,2009,outpatient,209,Other acquired deformities,236,235,91600.0,,
primary_diagnosis_ccs,2009,outpatient,145,Intestinal obstruction without hernia,160,158,90130.0,,
primary_diagnosis_ccs,2009,outpatient,103,Pulmonary heart disease,718,683,89970.0,,
primary_diagnosis_ccs,2009,outpatient,85,Coma; stupor; and brain damage,177,175,89560.0,,
primary_diagnosis_ccs,2009,outpatient,97,Peri-; endo-; and myocarditis; cardiomyopathy (except that caused by tuberculosis or sexually transmitted disease),379,366,87890.0,,
primary_diagnosis_ccs,2009,outpatient,33,Cancer of kidney and renal pelvis,304,287,87720.0,,
primary_diagnosis_ccs,2009,outpatient,166,Other male genital disorders,352,349,86960.0,,
primary_diagnosis_ccs,2009,outpatient,41,Cancer; other and unspecified primary,214,212,86240.0,,
primary_diagnosis_ccs,2009,outpatient,660,Alcohol-related disorders,284,270,84740.0,,
primary_diagnosis_ccs,2009,outpatient,131,Respiratory failure; insufficiency; arrest (adult),144,139,84140.0,,
primary_diagnosis_ccs,2009,outpatient,147,Anal and rectal conditions,205,205,83650.0,,
primary_diagnosis_ccs,2009,outpatient,246,Fever of unknown origin,414,409,83520.0,,
primary_diagnosis_ccs,2009,outpatient,173,Menopausal disorders,536,533,82530.0,,
primary_diagnosis_ccs,2009,outpatient,120,Hemorrhoids,237,237,82130.0,,
primary_diagnosis_ccs,2009,outpatient,253,Allergic reactions,847,821,79380.0,,
primary_diagnosis_ccs,2009,outpatient,198,Other inflammatory condition of skin,417,399,79030.0,,
primary_diagnosis_ccs,2009,outpatient,107,Cardiac arrest and ventricular fibrillation,161,159,78600.0,,
primary_diagnosis_ccs,2009,outpatient,12,Cancer of esophagus,172,167,75840.0,,
primary_diagnosis_ccs,2009,outpatient,35,Cancer of brain and nervous system,130,124,74950.0,,
primary_diagnosis_ccs,2009,outpatient,104,Other and ill-defined heart disease,403,398,71120.0,,
primary_diagnosis_ccs,2009,outpatient,7,Viral infection,503,490,69830.0,,
primary_diagnosis_ccs,2009,outpatient,141,Other disorders of stomach and duodenum,253,253,69810.0,,
primary_diagnosis_ccs,2009,outpatient,89,Blindness and vision defects,295,294,69680.0,,
primary_diagnosis_ccs,2009,outpatient,16,Cancer of liver and intrahepatic bile duct,140,136,68500.0,,
primary_diagnosis_ccs,2009,outpatient,136,Disorders of teeth and jaw,411,406,67990.0,,
primary_diagnosis_ccs,2009,outpatient,247,Lymphadenitis,187,185,66820.0,,
primary_diagnosis_ccs,2009,outpatient,661,Substance-related disorders,221,207,64780.0,,
primary_diagnosis_ccs,2009,outpatient,36,Cancer of thyroid,130,128,63760.0,,
primary_diagnosis_ccs,2009,outpatient,82,Paralysis,199,186,60860.0,,
primary_diagnosis_ccs,2009,outpatient,43,Malignant neoplasm without specification of site,135,129,60410.0,,
primary_diagnosis_ccs,2009,outpatient,52,Nutritional deficiencies,911,896,59730.0,,
primary_diagnosis_ccs,2009,outpatient,21,Cancer of bone and connective tissue,135,132,57600.0,,
primary_diagnosis_ccs,2009,outpatient,54,Gout and other crystal arthropathies,498,494,56320.0,,
primary_diagnosis_ccs,2009,outpatient,18,Cancer of other GI organs; peritoneum,129,121,54310.0,,
primary_diagnosis_ccs,2009,outpatient,6,Hepatitis,412,403,54150.0,,
primary_diagnosis_ccs,2009,outpatient,92,Otitis media and related conditions,327,324,53970.0,,
primary_diagnosis_ccs,2009,outpatient,210,Systemic lupus erythematosus and connective tissue disorders,267,260,51270.0,,
primary_diagnosis_ccs,2009,outpatient,26,Cancer of cervix,117,108,50690.0,,
primary_diagnosis_ccs,2009,outpatient,111,Other and ill-defined cerebrovascular disease,163,162,49010.0,,
primary_diagnosis_ccs,2009,outpatient,139,Gastroduodenal ulcer (except hemorrhage),124,123,48050.0,,
primary_diagnosis_ccs,2009,outpatient,90,Inflammation; infection of eye (except that caused by tuberculosis or sexually transmitteddisease),323,321,45460.0,,
primary_diagnosis_ccs,2009,outpatient,228,Skull and face fractures,85,85,44810.0,,
primary_diagnosis_ccs,2009,outpatient,217,Other congenital anomalies,154,153,43420.0,,
primary_diagnosis_ccs,2009,outpatient,171,Menstrual disorders,160,160,42760.0,,
primary_diagnosis_ccs,2009,outpatient,116,Aortic and peripheral arterial embolism or thrombosis,92,92,42660.0,,
primary_diagnosis_ccs,2009,outpatient,13,Cancer of stomach,108,107,42390.0,,
primary_diagnosis_ccs,2009,outpatient,242,Poisoning by other medications and drugs,221,221,40380.0,,
primary_diagnosis_ccs,2009,outpatient,4,Mycoses,576,567,39200.0,,
primary_diagnosis_ccs,2009,outpatient,137,Diseases of mouth; excluding dental,153,151,36700.0,,
primary_diagnosis_ccs,2009,outpatient,172,Ovarian cyst,92,92,31690.0,,
primary_diagnosis_ccs,2009,outpatient,61,Sickle cell anemia,88,84,31120.0,,
primary_diagnosis_ccs,2009,outpatient,165,Inflammatory conditions of male genital organs,175,175,31020.0,,
primary_diagnosis_ccs,2009,outpatient,213,Cardiac and circulatory congenital anomalies,82,82,30760.0,,
primary_diagnosis_ccs,2009,outpatient,37,Hodgkin`s disease,54,51,28930.0,,
primary_diagnosis_ccs,2009,outpatient,142,Appendicitis and other appendiceal conditions,22,22,28640.0,,
primary_diagnosis_ccs,2009,outpatient,215,Genitourinary congenital anomalies,110,110,27570.0,,
primary_diagnosis_ccs,2009,outpatient,168,Inflammatory diseases of female pelvic organs,203,202,25430.0,,
primary_diagnosis_ccs,2009,outpatient,240,Burns,125,125,25350.0,,
primary_diagnosis_ccs,2009,outpatient,8,Other infections; including parasitic,205,203,25150.0,,
primary_diagnosis_ccs,2009,outpatient,654,Developmental disorders,152,149,23760.0,,
primary_diagnosis_ccs,2009,outpatient,255,Administrative/social admission,277,276,23170.0,,
primary_diagnosis_ccs,2009,outpatient,129,Aspiration pneumonitis; food/vomitus,47,47,21840.0,,
primary_diagnosis_ccs,2009,outpatient,28,Cancer of other female genital organs,56,54,21840.0,,
primary_diagnosis_ccs,2009,outpatient,46,Benign neoplasm of uterus,56,56,21800.0,,
primary_diagnosis_ccs,2009,outpatient,670,Miscellaneous mental health disorders,142,139,21000.0,,
primary_diagnosis_ccs,2009,outpatient,156,Nephritis; nephrosis; renal sclerosis,77,75,20770.0,,
primary_diagnosis_ccs,2009,outpatient,64,Other hematologic conditions,140,139,20720.0,,
primary_diagnosis_ccs,2009,outpatient,234,Crushing injury or internal injury,57,55,20650.0,,
primary_diagnosis_ccs,2009,outpatient,248,Gangrene,48,47,19150.0,,
primary_diagnosis_ccs,2009,outpatient,148,Peritonitis and intestinal abscess,32,32,19090.0,,
primary_diagnosis_ccs,2009,outpatient,3,Bacterial infection; unspecified site,133,130,18500.0,,
primary_diagnosis_ccs,2009,outpatient,34,Cancer of other urinary organs,31,30,17730.0,,
primary_diagnosis_ccs,2009,outpatient,650,Adjustment disorders,112,111,16550.0,,
primary_diagnosis_ccs,2009,outpatient,20,Cancer; other respiratory and intrathoracic,21,21,14870.0,,
primary_diagnosis_ccs,2009,outpatient,181,Other complications of pregnancy,78,73,14700.0,,
primary_diagnosis_ccs,2009,outpatient,123,Influenza,92,92,13260.0,,
primary_diagnosis_ccs,2009,outpatient,214,Digestive congenital anomalies,37,36,13100.0,,
primary_diagnosis_ccs,2009,outpatient,663,Screening and history of mental health and substance abuse codes,115,113,11360.0,,
primary_diagnosis_ccs,2009,outpatient,243,Poisoning by nonmedicinal substances,77,77,11310.0,,
primary_diagnosis_ccs,2009,outpatient,652,"Attention-deficit, conduct, and disruptive behavior disorders",58,57,11230.0,,
primary_diagnosis_ccs,2009,outpatient,169,Endometriosis,6,6,11110.0,,
primary_diagnosis_ccs,2009,outpatient,241,Poisoning by psychotropic agents,22,22,10210.0,,
primary_diagnosis_ccs,2009,outpatient,60,Acute posthemorrhagic anemia,37,37,9540.0,,
primary_diagnosis_ccs,2009,outpatient,227,Spinal cord injury,25,25,7900.0,,
primary_diagnosis_ccs,2009,outpatient,662,Suicide and intentional self-inflicted injury,22,22,7070.0,,
primary_diagnosis_ccs,2009,outpatient,656,"Impulse control disorders, NEC",38,36,6200.0,,
primary_diagnosis_ccs,2009,outpatient,655,"Disorders usually diagnosed in infancy, childhood, or adolescence",20,20,5800.0,,
primary_diagnosis_ccs,2009,outpatient,216,Nervous system congenital anomalies,29,26,5560.0,,
primary_diagnosis_ccs,2009,outpatient,176,Contraceptive and procreative management,46,44,5430.0,,
primary_diagnosis_ccs,2009,outpatient,31,Cancer of other male genital organs,17,17,5340.0,,
primary_diagnosis_ccs,2009,outpatient,76,Meningitis (except that caused by tuberculosis or sexually transmitted disease),5,5,5110.0,,
primary_diagnosis_ccs,2009,outpatient,78,Other CNS infection and poliomyelitis,22,22,4080.0,,
primary_diagnosis_ccs,2009,outpatient,658,Personality disorders,23,22,4060.0,,
primary_diagnosis_ccs,2009,outpatient,182,Hemorrhage during pregnancy; abruptio placenta; placenta previa,11,11,3980.0,,
primary_diagnosis_ccs,2009,outpatient,124,Acute and chronic tonsillitis,20,20,3800.0,,
primary_diagnosis_ccs,2009,outpatient,77,Encephalitis (except that caused by tuberculosis or sexually transmitted disease),11,11,3720.0,,
primary_diagnosis_ccs,2009,outpatient,9,Sexually transmitted infections (not HIV or hepatitis),29,29,3710.0,,
primary_diagnosis_ccs,2009,outpatient,1,Tuberculosis,11,11,3430.0,,
primary_diagnosis_ccs,2009,outpatient,249,Shock,2,2,3400.0,,
primary_diagnosis_ccs,2009,outpatient,30,Cancer of testis,10,10,3310.0,,
primary_diagnosis_ccs,2009,outpatient,195,Other complications of birth; puerperium affecting management of mother,25,24,2950.0,,
primary_diagnosis_ccs,2009,outpatient,196,Other pregnancy and delivery including normal,37,36,2700.0,,
primary_diagnosis_ccs,2009,outpatient,132,Lung disease due to external agents,23,23,2000.0,,
primary_diagnosis_ccs,2009,outpatient,unmapped,Missing primary diagnosis,7,7,1950.0,,
primary_diagnosis_ccs,2009,outpatient,56,Cystic fibrosis,12,12,1910.0,,
primary_diagnosis_ccs,2009,outpatient,177,Spontaneous abortion,5,5,1770.0,,
primary_diagnosis_ccs,2009,outpatient,184,Early or threatened labor,12,12,1720.0,,
primary_diagnosis_ccs,2009,outpatient,unmapped,Invalid code format,6,6,830.0,,
primary_diagnosis_ccs,2009,outpatient,186,Diabetes or abnormal glucose tolerance complicating pregnancy; childbirth; or the puerperium,7,7,660.0,,
primary_diagnosis_ccs,2009,outpatient,183,Hypertension complicating pregnancy; childbirth and the puerperium,6,6,400.0,,
primary_diagnosis_ccs,2009,outpatient,178,Induced abortion,1,1,300.0,,
primary_diagnosis_ccs,2009,outpatient,179,Postabortion complications,1,1,200.0,,
primary_diagnosis_ccs,2009,outpatient,189,Previous C-section,1,1,50.0,,
chronic_condition_flag,2010,all,sp_depressn,DEPRESSN,0,20042,,112754,0.17774979158167337
chronic_condition_flag,2010,all,sp_ischmcht,ISCHMCHT,0,42165,,112754,0.37395569115064653
chronic_condition_flag,2010,all,sp_diabetes,DIABETES,0,32978,,112754,0.29247742873867
chronic_condition_flag,2010,all,sp_osteoprs,OSTEOPRS,0,14691,,112754,0.1302924951664686
chronic_condition_flag,2010,all,sp_ra_oa,RA_OA,0,10912,,112754,0.0967770544725686
chronic_condition_flag,2010,all,sp_alzhdmta,ALZHDMTA,0,18689,,112754,0.16575021728719158
chronic_condition_flag,2010,all,sp_cncr,CNCR,0,5733,,112754,0.050845202830941696
chronic_condition_flag,2010,all,sp_strketia,STRKETIA,0,2951,,112754,0.026172020504815794
chronic_condition_flag,2010,all,sp_chf,CHF,0,29159,,112754,0.2586072334462636
chronic_condition_flag,2010,all,sp_chrnkidn,CHRNKIDN,0,15619,,112754,0.138522801851819
chronic_condition_flag,2010,all,sp_copd,COPD,0,10105,,112754,0.0896198804477003
primary_diagnosis_ccs,2010,carrier,205,Spondylosis; intervertebral disc disorders; other back problems,44054,28431,4561430.0,,
primary_diagnosis_ccs,2010,carrier,86,Cataract,21471,17415,3609320.0,,
primary_diagnosis_ccs,2010,carrier,98,Essential hypertension,53926,36451,3089550.0,,
primary_diagnosis_ccs,2010,carrier,101,Coronary atherosclerosis and other heart disease,25255,18944,3030920.0,,
primary_diagnosis_ccs,2010,carrier,133,Other lower respiratory disease,33137,24358,2425600.0,,
primary_diagnosis_ccs,2010,carrier,259,Residual codes; unclassified,22290,18184,2360630.0,,
primary_diagnosis_ccs,2010,carrier,106,Cardiac dysrhythmias,37694,22672,2289280.0,,
primary_diagnosis_ccs,2010,carrier,87,Retinal detachments; defects; vascular occlusion; and retinopathy,11411,9887,2188530.0,,
primary_diagnosis_ccs,2010,carrier,211,Other connective tissue disease,26786,20821,2085110.0,,
primary_diagnosis_ccs,2010,carrier,102,Nonspecific chest pain,20554,16525,2084620.0,,
primary_diagnosis_ccs,2010,carrier,203,Osteoarthritis,19571,15556,2013480.0,,
primary_diagnosis_ccs,2010,carrier,204,Other non-traumatic joint disorders,25604,20070,1945850.0,,
primary_diagnosis_ccs,2010,carrier,158,Chronic kidney disease,15652,8258,1835380.0,,
primary_diagnosis_ccs,2010,carrier,23,Other non-epithelial cancer of skin,8532,7484,1760410.0,,
primary_diagnosis_ccs,2010,carrier,95,Other nervous system disorders,15244,12939,1691540.0,,
primary_diagnosis_ccs,2010,carrier,49,Diabetes mellitus without complication,30455,21964,1647690.0,,
primary_diagnosis_ccs,2010,carrier,59,Deficiency and other anemia,19828,15258,1577660.0,,
primary_diagnosis_ccs,2010,carrier,29,Cancer of prostate,8093,5857,1531010.0,,
primary_diagnosis_ccs,2010,carrier,200,Other skin disorders,18502,15525,1478450.0,,
primary_diagnosis_ccs,2010,carrier,47,Other and unspecified benign neoplasm,9835,8828,1363520.0,,
primary_diagnosis_ccs,2010,carrier,251,Abdominal pain,14172,12165,1286790.0,,
primary_diagnosis_ccs,2010,carrier,108,Congestive heart failure; nonhypertensive,14134,11148,1224320.0,,
primary_diagnosis_ccs,2010,carrier,53,Disorders of lipid metabolism,24844,20112,1223190.0,,
primary_diagnosis_ccs,2010,carrier,24,Cancer of breast,8072,5967,1222910.0,,
primary_diagnosis_ccs,2010,carrier,127,Chronic obstructive pulmonary disease and bronchiectasis,14958,11436,1115390.0,,
primary_diagnosis_ccs,2010,carrier,88,Glaucoma,11695,8922,1095880.0,,
primary_diagnosis_ccs,2010,carrier,44,Neoplasms of unspecified nature or uncertain behavior,7842,6905,1043340.0,,
primary_diagnosis_ccs,2010,carrier,50,Diabetes mellitus with complications,14985,12159,1015220.0,,
primary_diagnosis_ccs,2010,carrier,212,Other bone disease and musculoskeletal deformities,26633,19537,1006380.0,,
primary_diagnosis_ccs,2010,carrier,163,Genitourinary symptoms and ill-defined conditions,12361,10924,988200.0,,
primary_diagnosis_ccs,2010,carrier,155,Other gastrointestinal disorders,11403,10163,987600.0,,
primary_diagnosis_ccs,2010,carrier,131,Respiratory failure; insufficiency; arrest (adult),6057,5120,970450.0,,
primary_diagnosis_ccs,2010,carrier,19,Cancer of bronchus; lung,5844,4365,959880.0,,
primary_diagnosis_ccs,2010,carrier,258,Other screening for suspected conditions (not mental disorders or infectious disease),16745,14246,925380.0,,
primary_diagnosis_ccs,2010,carrier,657,Mood disorders,15165,11012,916520.0,,
primary_diagnosis_ccs,2010,carrier,122,Pneumonia (except that caused by tuberculosis or sexually transmitted disease),8699,7514,837460.0,,
primary_diagnosis_ccs,2010,carrier,96,Heart valve disorders,7526,6857,833690.0,,
primary_diagnosis_ccs,2010,carrier,91,Other eye disorders,7945,7343,825110.0,,
primary_diagnosis_ccs,2010,carrier,109,Acute cerebrovascular disease,7293,6268,816310.0,,
primary_diagnosis_ccs,2010,carrier,114,Peripheral and visceral atherosclerosis,7645,7033,786830.0,,
primary_diagnosis_ccs,2010,carrier,117,Other circulatory disease,7600,7030,780320.0,,
primary_diagnosis_ccs,2010,carrier,159,Urinary tract infections,14126,12100,767610.0,,
primary_diagnosis_ccs,2010,carrier,244,Other injuries and conditions due to external causes,7216,6610,745490.0,,
primary_diagnosis_ccs,2010,carrier,257,Other aftercare,23608,17970,700480.0,,
primary_diagnosis_ccs,2010,carrier,237,Complication of device; implant or graft,3433,3055,643960.0,,
primary_diagnosis_ccs,2010,carrier,653,"Delirium, dementia, and amnestic and other cognitive disorders",8308,6591,642210.0,,
primary_diagnosis_ccs,2010,carrier,153,Gastrointestinal hemorrhage,5017,4596,641670.0,,
primary_diagnosis_ccs,2010,carrier,252,Malaise and fatigue,8271,7629,627070.0,,
primary_diagnosis_ccs,2010,carrier,10,Immunizations and screening for infectious disease,21692,18340,624810.0,,
primary_diagnosis_ccs,2010,carrier,48,Thyroid disorders,10875,9705,617770.0,,
primary_diagnosis_ccs,2010,carrier,197,Skin and subcutaneous tissue infections,7394,6690,612510.0,,
primary_diagnosis_ccs,2010,carrier,245,Syncope,5498,5054,607010.0,,
primary_diagnosis_ccs,2010,carrier,157,Acute and unspecified renal failure,4709,4161,586600.0,,
primary_diagnosis_ccs,2010,carrier,134,Other upper respiratory disease,9067,7759,573330.0,,
primary_diagnosis_ccs,2010,carrier,202,Rheumatoid arthritis and related disease,4336,3798,546880.0,,
primary_diagnosis_ccs,2010,carrier,14,Cancer of colon,3270,2601,500310.0,,
primary_diagnosis_ccs,2010,carrier,38,Non-Hodgkin`s lymphoma,2905,2447,495570.0,,
primary_diagnosis_ccs,2010,carrier,199,Chronic ulcer of skin,6345,5573,485080.0,,
primary_diagnosis_ccs,2010,carrier,126,Other upper respiratory infections,7569,7060,473810.0,,
primary_diagnosis_ccs,2010,carrier,4,Mycoses,11670,10317,471380.0,,
primary_diagnosis_ccs,2010,carrier,138,Esophageal disorders,5520,5172,467650.0,,
primary_diagnosis_ccs,2010,carrier,226,Fracture of neck of femur (hip),3516,3125,466010.0,,
primary_diagnosis_ccs,2010,carrier,93,Conditions associated with dizziness or vertigo,5292,4946,462570.0,,
primary_diagnosis_ccs,2010,carrier,659,Schizophrenia and other psychotic disorders,6336,4738,438920.0,,
primary_diagnosis_ccs,2010,carrier,42,Secondary malignancies,1832,1634,432720.0,,
primary_diagnosis_ccs,2010,carrier,99,Hypertension with complications and secondary hypertension,5676,5291,418710.0,,
primary_diagnosis_ccs,2010,carrier,110,Occlusion or stenosis of precerebral arteries,3778,3591,418380.0,,
primary_diagnosis_ccs,2010,carrier,232,Sprains and strains,4772,4391,417890.0,,
primary_diagnosis_ccs,2010,carrier,55,Fluid and electrolyte disorders,5141,4739,414410.0,,
primary_diagnosis_ccs,2010,carrier,149,Biliary tract disease,2914,2727,408150.0,,
primary_diagnosis_ccs,2010,carrier,164,Hyperplasia of prostate,4756,4450,406530.0,,
primary_diagnosis_ccs,2010,carrier,32,Cancer of bladder,2469,2175,386880.0,,
primary_diagnosis_ccs,2010,carrier,94,Other ear and sense organ disorders,5783,5457,373420.0,,
primary_diagnosis_ccs,2010,carrier,256,Medical examination/evaluation,9480,8697,366100.0,,
primary_diagnosis_ccs,2010,carrier,83,Epilepsy; convulsions,3460,3119,354580.0,,
primary_diagnosis_ccs,2010,carrier,143,Abdominal hernia,2442,2338,351030.0,,
primary_diagnosis_ccs,2010,carrier,253,Allergic reactions,4704,4474,350280.0,,
primary_diagnosis_ccs,2010,carrier,58,Other nutritional; endocrine; and metabolic disorders,5092,4733,344230.0,,
primary_diagnosis_ccs,2010,carrier,229,Fracture of upper limb,3835,3482,340190.0,,
primary_diagnosis_ccs,2010,carrier,250,Nausea and vomiting,2762,2639,334470.0,,
primary_diagnosis_ccs,2010,carrier,225,Joint disorders and dislocations; trauma-related,2443,2276,324920.0,,
primary_diagnosis_ccs,2010,carrier,140,Gastritis and duodenitis,2394,2293,323890.0,,
primary_diagnosis_ccs,2010,carrier,206,Osteoporosis,4212,3932,322750.0,,
primary_diagnosis_ccs,2010,carrier,146,Diverticulosis and diverticulitis,2680,2561,321600.0,,
primary_diagnosis_ccs,2010,carrier,84,Headache; including migraine,3935,3707,320950.0,,
primary_diagnosis_ccs,2010,carrier,167,Nonmalignant breast conditions,3854,3641,319440.0,,
primary_diagnosis_ccs,2010,carrier,161,Other diseases of kidney and ureters,4017,3603,318690.0,,
primary_diagnosis_ccs,2010,carrier,130,Pleurisy; pneumothorax; pulmonary collapse,6547,5851,315470.0,,
primary_diagnosis_ccs,2010,carrier,100,Acute myocardial infarction,2131,1975,313790.0,,
primary_diagnosis_ccs,2010,carrier,151,Other liver diseases,3560,3328,304540.0,,
primary_diagnosis_ccs,2010,carrier,231,Other fractures,2624,2474,292170.0,,
primary_diagnosis_ccs,2010,carrier,115,Aortic; peripheral; and visceral artery aneurysms,2110,1997,290530.0,,
primary_diagnosis_ccs,2010,carrier,128,Asthma,3579,3410,284100.0,,
primary_diagnosis_ccs,2010,carrier,2,Septicemia (except in labor),2161,2014,278400.0,,
primary_diagnosis_ccs,2010,carrier,160,Calculus of urinary tract,2673,2492,274860.0,,
primary_diagnosis_ccs,2010,carrier,230,Fracture of lower limb,2961,2752,271290.0,,
primary_diagnosis_ccs,2010,carrier,85,Coma; stupor; and brain damage,1583,1534,262490.0,,
primary_diagnosis_ccs,2010,carrier,105,Conduction disorders,4472,4152,260550.0,,
primary_diagnosis_ccs,2010,carrier,45,Maintenance chemotherapy; radiotherapy,840,786,256090.0,,
primary_diagnosis_ccs,2010,carrier,239,Superficial injury; contusion,3629,3476,252060.0,,
primary_diagnosis_ccs,2010,carrier,198,Other inflammatory condition of skin,3250,3023,249020.0,,
primary_diagnosis_ccs,2010,carrier,118,Phlebitis; thrombophlebitis and thromboembolism,3940,3626,247150.0,,
primary_diagnosis_ccs,2010,carrier,90,Inflammation; infection of eye (except that caused by tuberculosis or sexually transmitteddisease),3831,3640,244710.0,,
primary_diagnosis_ccs,2010,carrier,238,Complications of surgical procedures or medical care,2169,2068,241630.0,,
primary_diagnosis_ccs,2010,carrier,11,Cancer of head and neck,1296,1122,241410.0,,
primary_diagnosis_ccs,2010,carrier,125,Acute bronchitis,4010,3864,240880.0,,
primary_diagnosis_ccs,2010,carrier,112,Transient cerebral ischemia,2231,2081,238320.0,,
primary_diagnosis_ccs,2010,carrier,40,Multiple myeloma,1452,1222,237210.0,,
primary_diagnosis_ccs,2010,carrier,15,Cancer of rectum and anus,1339,1105,227910.0,,
primary_diagnosis_ccs,2010,carrier,97,Peri-; endo-; and myocarditis; cardiomyopathy (except that caused by tuberculosis or sexually transmitted disease),2344,2229,224910.0,,
primary_diagnosis_ccs,2010,carrier,208,Acquired foot deformities,2325,2234,224760.0,,
primary_diagnosis_ccs,2010,carrier,145,Intestinal obstruction without hernia,1801,1694,219540.0,,
primary_diagnosis_ccs,2010,carrier,39,Leukemias,1677,1465,217210.0,,
primary_diagnosis_ccs,2010,carrier,81,Other hereditary and degenerative nervous system conditions,1951,1879,213680.0,,
primary_diagnosis_ccs,2010,carrier,63,Diseases of white blood cells,1528,1458,213590.0,,
primary_diagnosis_ccs,2010,carrier,651,Anxiety disorders,3205,2915,211950.0,,
primary_diagnosis_ccs,2010,carrier,246,Fever of unknown origin,2381,2259,210370.0,,
primary_diagnosis_ccs,2010,carrier,52,Nutritional deficiencies,4662,4406,209180.0,,
primary_diagnosis_ccs,2010,carrier,62,Coagulation and hemorrhagic disorders,3155,2886,195950.0,,
primary_diagnosis_ccs,2010,carrier,236,Open wounds of extremities,2287,2201,190250.0,,
primary_diagnosis_ccs,2010,carrier,51,Other endocrine disorders,2480,2337,184620.0,,
primary_diagnosis_ccs,2010,carrier,175,Other female genital disorders,1874,1811,183010.0,,
primary_diagnosis_ccs,2010,carrier,162,Other diseases of bladder and urethra,1601,1549,174190.0,,
primary_diagnosis_ccs,2010,carrier,235,Open wounds of head; neck; and trunk,1397,1348,167250.0,,
primary_diagnosis_ccs,2010,carrier,27,Cancer of ovary,952,806,163240.0,,
primary_diagnosis_ccs,2010,carrier,103,Pulmonary heart disease,2127,1989,159950.0,,
primary_diagnosis_ccs,2010,carrier,173,Menopausal disorders,2484,2392,156060.0,,
primary_diagnosis_ccs,2010,carrier,104,Other and ill-defined heart disease,2838,2744,154120.0,,
primary_diagnosis_ccs,2010,carrier,17,Cancer of pancreas,792,671,151420.0,,
primary_diagnosis_ccs,2010,carrier,119,Varicose veins of lower extremity,1318,1256,148530.0,,
primary_diagnosis_ccs,2010,carrier,89,Blindness and vision defects,1821,1787,139880.0,,
primary_diagnosis_ccs,2010,carrier,79,Parkinson`s disease,1808,1690,139560.0,,
primary_diagnosis_ccs,2010,carrier,22,Melanomas of skin,938,876,133690.0,,
primary_diagnosis_ccs,2010,carrier,111,Other and ill-defined cerebrovascular disease,1237,1207,132810.0,,
primary_diagnosis_ccs,2010,carrier,170,Prolapse of female genital organs,1188,1146,132740.0,,
primary_diagnosis_ccs,2010,carrier,209,Other acquired deformities,881,846,130350.0,,
primary_diagnosis_ccs,2010,carrier,121,Other diseases of veins and lymphatics,1347,1282,128550.0,,
primary_diagnosis_ccs,2010,carrier,7,Viral infection,1962,1892,127760.0,,
primary_diagnosis_ccs,2010,carrier,113,Late effects of cerebrovascular disease,1344,1270,126120.0,,
primary_diagnosis_ccs,2010,carrier,107,Cardiac arrest and ventricular fibrillation,621,591,124300.0,,
primary_diagnosis_ccs,2010,carrier,201,Infective arthritis and osteomyelitis (except that caused by tuberculosis or sexually transmitted disease),1069,990,123070.0,,
primary_diagnosis_ccs,2010,carrier,152,Pancreatic disorders (not diabetes),1035,975,118870.0,,
primary_diagnosis_ccs,2010,carrier,650,Adjustment disorders,1712,1589,116890.0,,
primary_diagnosis_ccs,2010,carrier,25,Cancer of uterus,683,582,115730.0,,
primary_diagnosis_ccs,2010,carrier,33,Cancer of kidney and renal pelvis,835,761,114830.0,,
primary_diagnosis_ccs,2010,carrier,154,Noninfectious gastroenteritis,1175,1156,114040.0,,
primary_diagnosis_ccs,2010,carrier,141,Other disorders of stomach and duodenum,968,942,110720.0,,
primary_diagnosis_ccs,2010,carrier,233,Intracranial injury,894,857,109290.0,,
primary_diagnosis_ccs,2010,carrier,92,Otitis media and related conditions,1435,1392,105170.0,,
primary_diagnosis_ccs,2010,carrier,80,Multiple sclerosis,831,759,104040.0,,
primary_diagnosis_ccs,2010,carrier,254,Rehabilitation care; fitting of prostheses; and adjustment of devices,1763,1667,101610.0,,
primary_diagnosis_ccs,2010,carrier,207,Pathological fracture,797,776,97690.0,,
primary_diagnosis_ccs,2010,carrier,166,Other male genital disorders,1216,1174,94490.0,,
primary_diagnosis_ccs,2010,carrier,144,Regional enteritis and ulcerative colitis,784,752,87810.0,,
primary_diagnosis_ccs,2010,carrier,12,Cancer of esophagus,531,457,86250.0,,
primary_diagnosis_ccs,2010,carrier,82,Paralysis,749,706,85710.0,,
primary_diagnosis_ccs,2010,carrier,3,Bacterial infection; unspecified site,783,761,79250.0,,
primary_diagnosis_ccs,2010,carrier,54,Gout and other crystal arthropathies,1430,1382,78990.0,,
primary_diagnosis_ccs,2010,carrier,129,Aspiration pneumonitis; food/vomitus,677,643,75360.0,,
primary_diagnosis_ccs,2010,carrier,35,Cancer of brain and nervous system,385,337,74480.0,,
primary_diagnosis_ccs,2010,carrier,661,Substance-related disorders,680,613,74060.0,,
primary_diagnosis_ccs,2010,carrier,135,Intestinal infection,797,774,73440.0,,
primary_diagnosis_ccs,2010,carrier,210,Systemic lupus erythematosus and connective tissue disorders,957,906,69310.0,,
primary_diagnosis_ccs,2010,carrier,5,HIV infection,777,663,68420.0,,
primary_diagnosis_ccs,2010,carrier,242,Poisoning by other medications and drugs,720,691,68210.0,,
primary_diagnosis_ccs,2010,carrier,248,Gangrene,436,403,67640.0,,
primary_diagnosis_ccs,2010,carrier,217,Other congenital anomalies,685,671,67340.0,,
primary_diagnosis_ccs,2010,carrier,120,Hemorrhoids,664,651,67150.0,,
primary_diagnosis_ccs,2010,carrier,147,Anal and rectal conditions,628,618,66680.0,,
primary_diagnosis_ccs,2010,carrier,6,Hepatitis,984,931,65360.0,,
primary_diagnosis_ccs,2010,carrier,249,Shock,346,339,63680.0,,
primary_diagnosis_ccs,2010,carrier,13,Cancer of stomach,417,354,62480.0,,
primary_diagnosis_ccs,2010,carrier,247,Lymphadenitis,561,548,61900.0,,
primary_diagnosis_ccs,2010,carrier,unmapped,Invalid code format,248,237,59350.0,,
primary_diagnosis_ccs,2010,carrier,41,Cancer; other and unspecified primary,404,384,59150.0,,
primary_diagnosis_ccs,2010,carrier,116,Aortic and peripheral arterial embolism or thrombosis,360,351,59120.0,,
primary_diagnosis_ccs,2010,carrier,43,Malignant neoplasm without specification of site,372,350,57130.0,,
primary_diagnosis_ccs,2010,carrier,234,Crushing injury or internal injury,338,334,55860.0,,
primary_diagnosis_ccs,2010,carrier,21,Cancer of bone and connective tissue,332,306,54930.0,,
primary_diagnosis_ccs,2010,carrier,670,Miscellaneous mental health disorders,665,644,54510.0,,
primary_diagnosis_ccs,2010,carrier,139,Gastroduodenal ulcer (except hemorrhage),506,501,53520.0,,
primary_diagnosis_ccs,2010,carrier,660,Alcohol-related disorders,553,515,53410.0,,
primary_diagnosis_ccs,2010,carrier,16,Cancer of liver and intrahepatic bile duct,343,315,51820.0,,
primary_diagnosis_ccs,2010,carrier,18,Cancer of other GI organs; peritoneum,327,303,51320.0,,
primary_diagnosis_ccs,2010,carrier,168,Inflammatory diseases of female pelvic organs,823,801,50230.0,,
primary_diagnosis_ccs,2010,carrier,213,Cardiac and circulatory congenital anomalies,471,462,48140.0,,
primary_diagnosis_ccs,2010,carrier,137,Diseases of mouth; excluding dental,634,623,45700.0,,
primary_diagnosis_ccs,2010,carrier,165,Inflammatory conditions of male genital organs,622,609,41520.0,,
primary_diagnosis_ccs,2010,carrier,60,Acute posthemorrhagic anemia,327,317,38820.0,,
primary_diagnosis_ccs,2010,carrier,136,Disorders of teeth and jaw,515,503,35430.0,,
primary_diagnosis_ccs,2010,carrier,36,Cancer of thyroid,344,323,35090.0,,
primary_diagnosis_ccs,2010,carrier,148,Peritonitis and intestinal abscess,229,219,34600.0,,
primary_diagnosis_ccs,2010,carrier,64,Other hematologic conditions,458,448,33650.0,,
primary_diagnosis_ccs,2010,carrier,8,Other infections; including parasitic,506,486,32840.0,,
primary_diagnosis_ccs,2010,carrier,172,Ovarian cyst,274,268,31160.0,,
primary_diagnosis_ccs,2010,carrier,171,Menstrual disorders,367,354,30220.0,,
primary_diagnosis_ccs,2010,carrier,57,Immunity disorders,201,194,28750.0,,
primary_diagnosis_ccs,2010,carrier,26,Cancer of cervix,248,239,26570.0,,
primary_diagnosis_ccs,2010,carrier,142,Appendicitis and other appendiceal conditions,161,151,26150.0,,
primary_diagnosis_ccs,2010,carrier,28,Cancer of other female genital organs,185,169,24490.0,,
primary_diagnosis_ccs,2010,carrier,228,Skull and face fractures,225,220,23960.0,,
primary_diagnosis_ccs,2010,carrier,654,Developmental disorders,367,352,22360.0,,
primary_diagnosis_ccs,2010,carrier,123,Influenza,273,268,22250.0,,
primary_diagnosis_ccs,2010,carrier,46,Benign neoplasm of uterus,204,201,20420.0,,
primary_diagnosis_ccs,2010,carrier,37,Hodgkin`s disease,154,132,19160.0,,
primary_diagnosis_ccs,2010,carrier,227,Spinal cord injury,143,136,18860.0,,
primary_diagnosis_ccs,2010,carrier,240,Burns,216,207,18210.0,,
primary_diagnosis_ccs,2010,carrier,61,Sickle cell anemia,192,158,17640.0,,
primary_diagnosis_ccs,2010,carrier,156,Nephritis; nephrosis; renal sclerosis,214,203,17320.0,,
primary_diagnosis_ccs,2010,carrier,663,Screening and history of mental health and substance abuse codes,286,281,16510.0,,
primary_diagnosis_ccs,2010,carrier,652,"Attention-deficit, conduct, and disruptive behavior disorders",191,183,16470.0,,
primary_diagnosis_ccs,2010,carrier,34,Cancer of other urinary organs,112,105,16170.0,,
primary_diagnosis_ccs,2010,carrier,215,Genitourinary congenital anomalies,183,180,13830.0,,
primary_diagnosis_ccs,2010,carrier,255,Administrative/social admission,205,203,13230.0,,
primary_diagnosis_ccs,2010,carrier,243,Poisoning by nonmedicinal substances,196,184,13080.0,,
primary_diagnosis_ccs,2010,carrier,656,"Impulse control disorders, NEC",157,147,11380.0,,
primary_diagnosis_ccs,2010,carrier,78,Other CNS infection and poliomyelitis,82,81,10850.0,,
primary_diagnosis_ccs,2010,carrier,214,Digestive congenital anomalies,85,84,10830.0,,
primary_diagnosis_ccs,2010,carrier,2603,E Codes: Fall,82,81,10510.0,,
primary_diagnosis_ccs,2010,carrier,20,Cancer; other respiratory and intrathoracic,75,66,9890.0,,
primary_diagnosis_ccs,2010,carrier,76,Meningitis (except that caused by tuberculosis or sexually transmitted disease),92,88,8980.0,,
primary_diagnosis_ccs,2010,carrier,658,Personality disorders,114,106,8900.0,,
primary_diagnosis_ccs,2010,carrier,unmapped,Missing primary diagnosis,80,79,8720.0,,
primary_diagnosis_ccs,2010,carrier,196,Other pregnancy and delivery including normal,67,65,8080.0,,
primary_diagnosis_ccs,2010,carrier,132,Lung disease due to external agents,85,84,6970.0,,
primary_diagnosis_ccs,2010,carrier,9,Sexually transmitted infections (not HIV or hepatitis),112,107,6420.0,,
primary_diagnosis_ccs,2010,carrier,124,Acute and chronic tonsillitis,75,74,6240.0,,
primary_diagnosis_ccs,2010,carrier,77,Encephalitis (except that caused by tuberculosis or sexually transmitted disease),59,56,6050.0,,
primary_diagnosis_ccs,2010,carrier,216,Nervous system congenital anomalies,65,64,6020.0,,
primary_diagnosis_ccs,2010,carrier,181,Other complications of pregnancy,72,69,5670.0,,
primary_diagnosis_ccs,2010,carrier,195,Other complications of birth; puerperium affecting management of mother,60,60,4930.0,,
primary_diagnosis_ccs,2010,carrier,1,Tuberculosis,64,61,3980.0,,
primary_diagnosis_ccs,2010,carrier,655,"Disorders usually diagnosed in infancy, childhood, or adolescence",75,71,3930.0,,
primary_diagnosis_ccs,2010,carrier,241,Poisoning by psychotropic agents,34,33,3810.0,,
primary_diagnosis_ccs,2010,carrier,56,Cystic fibrosis,32,27,3710.0,,
primary_diagnosis_ccs,2010,carrier,176,Contraceptive and procreative management,113,108,3550.0,,
primary_diagnosis_ccs,2010,carrier,2617,E Codes: Adverse effects of medical drugs,24,24,3100.0,,
primary_diagnosis_ccs,2010,carrier,31,Cancer of other male genital organs,33,30,2800.0,,
primary_diagnosis_ccs,2010,carrier,169,Endometriosis,23,20,2440.0,,
primary_diagnosis_ccs,2010,carrier,662,Suicide and intentional self-inflicted injury,17,17,1870.0,,
primary_diagnosis_ccs,2010,carrier,224,Other perinatal conditions,26,26,1840.0,,
primary_diagnosis_ccs,2010,carrier,30,Cancer of testis,30,27,1740.0,,
primary_diagnosis_ccs,2010,carrier,2607,e codes: motor vehicle traffic (mvt),8,8,1460.0,,
primary_diagnosis_ccs,2010,carrier,183,Hypertension complicating pregnancy; childbirth and the puerperium,13,12,1380.0,,
primary_diagnosis_ccs,2010,carrier,186,Diabetes or abnormal glucose tolerance complicating pregnancy; childbirth; or the puerperium,12,11,1120.0,,
primary_diagnosis_ccs,2010,carrier,2611,E Codes: Natural/environment,12,12,950.0,,
primary_diagnosis_ccs,2010,carrier,184,Early or threatened labor,7,7,940.0,,
primary_diagnosis_ccs,2010,carrier,189,Previous C-section,4,4,850.0,,
primary_diagnosis_ccs,2010,carrier,182,Hemorrhage during pregnancy; abruptio placenta; placenta previa,12,12,830.0,,
primary_diagnosis_ccs,2010,carrier,191,Polyhydramnios and other problems of amniotic cavity,5,5,760.0,,
primary_diagnosis_ccs,2010,carrier,220,Intrauterine hypoxia and birth asphyxia,4,4,640.0,,
primary_diagnosis_ccs,2010,carrier,174,Female infertility,7,7,540.0,,
primary_diagnosis_ccs,2010,carrier,177,Spontaneous abortion,4,4,500.0,,
primary_diagnosis_ccs,2010,carrier,223,Birth trauma,4,4,500.0,,
primary_diagnosis_ccs,2010,carrier,221,Respiratory distress syndrome,4,4,480.0,,
primary_diagnosis_ccs,2010,carrier,188,Fetopelvic disproportion; obstruction,3,3,210.0,,
primary_diagnosis_ccs,2010,carrier,187,Malposition; malpresentation,4,4,200.0,,
primary_diagnosis_ccs,2010,carrier,178,Induced abortion,2,2,160.0,,
primary_diagnosis_ccs,2010,carrier,2613,E Codes: Poisoning,2,2,130.0,,
primary_diagnosis_ccs,2010,carrier,2621,E Codes: Place of occurrence,1,1,100.0,,
primary_diagnosis_ccs,2010,carrier,179,Postabortion complications,3,3,50.0,,
primary_diagnosis_ccs,2010,carrier,219,Short gestation; low birth weight; and fetal growth retardation,1,1,40.0,,
primary_diagnosis_ccs,2010,carrier,180,Ectopic pregnancy,2,2,40.0,,
primary_diagnosis_ccs,2010,carrier,218,Liveborn,1,1,40.0,,
primary_diagnosis_ccs,2010,carrier,222,Hemolytic jaundice and perinatal jaundice,1,1,30.0,,
primary_diagnosis_ccs,2010,carrier,2601,E Codes: Cut/pierce,1,1,20.0,,
primary_diagnosis_ccs,2010,carrier,193,OB-related trauma to perineum and vulva,1,1,10.0,,
primary_diagnosis_ccs,2010,carrier,190,Fetal distress and abnormal forces of labor,1,1,10.0,,
primary_diagnosis_ccs,2010,inpatient,2,Septicemia (except in labor),554,553,8014000.0,,
primary_diagnosis_ccs,2010,inpatient,203,Osteoarthritis,564,560,6653100.0,,
primary_diagnosis_ccs,2010,inpatient,254,Rehabilitation care; fitting of prostheses; and adjustment of devices,397,396,6268800.0,,
primary_diagnosis_ccs,2010,inpatient,237,Complication of device; implant or graft,366,362,5214000.0,,
primary_diagnosis_ccs,2010,inpatient,108,Congestive heart failure; nonhypertensive,610,604,5015890.0,,
primary_diagnosis_ccs,2010,inpatient,100,Acute myocardial infarction,341,339,4998200.0,,
primary_diagnosis_ccs,2010,inpatient,101,Coronary atherosclerosis and other heart disease,357,355,4915800.0,,
primary_diagnosis_ccs,2010,inpatient,106,Cardiac dysrhythmias,499,497,4077800.0,,
primary_diagnosis_ccs,2010,inpatient,122,Pneumonia (except that caused by tuberculosis or sexually transmitted disease),524,515,4048100.0,,
primary_diagnosis_ccs,2010,inpatient,131,Respiratory failure; insufficiency; arrest (adult),227,226,3660000.0,,
primary_diagnosis_ccs,2010,inpatient,205,Spondylosis; intervertebral disc disorders; other back problems,265,265,3350300.0,,
primary_diagnosis_ccs,2010,inpatient,226,Fracture of neck of femur (hip),257,257,3059000.0,,
primary_diagnosis_ccs,2010,inpatient,127,Chronic obstructive pulmonary disease and bronchiectasis,433,424,2957700.0,,
primary_diagnosis_ccs,2010,inpatient,109,Acute cerebrovascular disease,347,346,2873320.0,,
primary_diagnosis_ccs,2010,inpatient,96,Heart valve disorders,69,68,2496000.0,,
primary_diagnosis_ccs,2010,inpatient,238,Complications of surgical procedures or medical care,209,208,2326000.0,,
primary_diagnosis_ccs,2010,inpatient,145,Intestinal obstruction without hernia,192,192,2072700.0,,
primary_diagnosis_ccs,2010,inpatient,159,Urinary tract infections,337,335,1978800.0,,
primary_diagnosis_ccs,2010,inpatient,157,Acute and unspecified renal failure,228,227,1810000.0,,
primary_diagnosis_ccs,2010,inpatient,129,Aspiration pneumonitis; food/vomitus,146,145,1749400.0,,
primary_diagnosis_ccs,2010,inpatient,657,Mood disorders,232,228,1707500.0,,
primary_diagnosis_ccs,2010,inpatient,50,Diabetes mellitus with complications,185,184,1580000.0,,
primary_diagnosis_ccs,2010,inpatient,659,Schizophrenia and other psychotic disorders,192,190,1508830.0,,
primary_diagnosis_ccs,2010,inpatient,149,Biliary tract disease,158,158,1440700.0,,
primary_diagnosis_ccs,2010,inpatient,55,Fluid and electrolyte disorders,247,246,1424300.0,,
primary_diagnosis_ccs,2010,inpatient,197,Skin and subcutaneous tissue infections,199,199,1423000.0,,
primary_diagnosis_ccs,2010,inpatient,153,Gastrointestinal hemorrhage,191,190,1336000.0,,
primary_diagnosis_ccs,2010,inpatient,653,"Delirium, dementia, and amnestic and other cognitive disorders",126,126,1268980.0,,
primary_diagnosis_ccs,2010,inpatient,99,Hypertension with complications and secondary hypertension,129,127,1168000.0,,
primary_diagnosis_ccs,2010,inpatient,115,Aortic; peripheral; and visceral artery aneurysms,54,54,1146000.0,,
primary_diagnosis_ccs,2010,inpatient,146,Diverticulosis and diverticulitis,125,125,1117000.0,,
primary_diagnosis_ccs,2010,inpatient,19,Cancer of bronchus; lung,82,82,1102000.0,,
primary_diagnosis_ccs,2010,inpatient,42,Secondary malignancies,96,96,1101000.0,,
primary_diagnosis_ccs,2010,inpatient,114,Peripheral and visceral atherosclerosis,96,96,1057000.0,,
primary_diagnosis_ccs,2010,inpatient,233,Intracranial injury,85,85,986000.0,,
primary_diagnosis_ccs,2010,inpatient,14,Cancer of colon,51,51,972000.0,,
primary_diagnosis_ccs,2010,inpatient,231,Other fractures,120,120,937000.0,,
primary_diagnosis_ccs,2010,inpatient,95,Other nervous system disorders,112,111,937000.0,,
primary_diagnosis_ccs,2010,inpatient,230,Fracture of lower limb,93,93,912000.0,,
primary_diagnosis_ccs,2010,inpatient,103,Pulmonary heart disease,92,92,832000.0,,
primary_diagnosis_ccs,2010,inpatient,118,Phlebitis; thrombophlebitis and thromboembolism,94,94,799900.0,,
primary_diagnosis_ccs,2010,inpatient,102,Nonspecific chest pain,223,221,758480.0,,
primary_diagnosis_ccs,2010,inpatient,245,Syncope,146,146,728000.0,,
primary_diagnosis_ccs,2010,inpatient,135,Intestinal infection,91,91,694000.0,,
primary_diagnosis_ccs,2010,inpatient,155,Other gastrointestinal disorders,84,84,673400.0,,
primary_diagnosis_ccs,2010,inpatient,59,Deficiency and other anemia,114,114,671000.0,,
primary_diagnosis_ccs,2010,inpatient,130,Pleurisy; pneumothorax; pulmonary collapse,53,53,668000.0,,
primary_diagnosis_ccs,2010,inpatient,105,Conduction disorders,44,44,666000.0,,
primary_diagnosis_ccs,2010,inpatient,152,Pancreatic disorders (not diabetes),81,81,657200.0,,
primary_diagnosis_ccs,2010,inpatient,110,Occlusion or stenosis of precerebral arteries,95,95,653000.0,,
primary_diagnosis_ccs,2010,inpatient,199,Chronic ulcer of skin,47,46,644000.0,,
primary_diagnosis_ccs,2010,inpatient,207,Pathological fracture,55,55,636700.0,,
primary_diagnosis_ccs,2010,inpatient,47,Other and unspecified benign neoplasm,50,49,630000.0,,
primary_diagnosis_ccs,2010,inpatient,143,Abdominal hernia,57,57,620000.0,,
primary_diagnosis_ccs,2010,inpatient,133,Other lower respiratory disease,64,64,577000.0,,
primary_diagnosis_ccs,2010,inpatient,83,Epilepsy; convulsions,87,87,569500.0,,
primary_diagnosis_ccs,2010,inpatient,97,Peri-; endo-; and myocarditis; cardiomyopathy (except that caused by tuberculosis or sexually transmitted disease),34,34,568000.0,,
primary_diagnosis_ccs,2010,inpatient,117,Other circulatory disease,102,102,566300.0,,
primary_diagnosis_ccs,2010,inpatient,201,Infective arthritis and osteomyelitis (except that caused by tuberculosis or sexually transmitted disease),28,28,536000.0,,
primary_diagnosis_ccs,2010,inpatient,128,Asthma,98,98,515000.0,,
primary_diagnosis_ccs,2010,inpatient,212,Other bone disease and musculoskeletal deformities,32,32,479000.0,,
primary_diagnosis_ccs,2010,inpatient,211,Other connective tissue disease,65,65,452400.0,,
primary_diagnosis_ccs,2010,inpatient,112,Transient cerebral ischemia,102,102,412500.0,,
primary_diagnosis_ccs,2010,inpatient,141,Other disorders of stomach and duodenum,41,41,391000.0,,
primary_diagnosis_ccs,2010,inpatient,248,Gangrene,21,21,359000.0,,
primary_diagnosis_ccs,2010,inpatient,244,Other injuries and conditions due to external causes,24,24,340700.0,,
primary_diagnosis_ccs,2010,inpatient,229,Fracture of upper limb,54,54,334800.0,,
primary_diagnosis_ccs,2010,inpatient,13,Cancer of stomach,14,14,319000.0,,
primary_diagnosis_ccs,2010,inpatient,154,Noninfectious gastroenteritis,65,65,309900.0,,
primary_diagnosis_ccs,2010,inpatient,38,Non-Hodgkin`s lymphoma,18,17,300000.0,,
primary_diagnosis_ccs,2010,inpatient,140,Gastritis and duodenitis,55,55,297000.0,,
primary_diagnosis_ccs,2010,inpatient,45,Maintenance chemotherapy; radiotherapy,27,27,297000.0,,
primary_diagnosis_ccs,2010,inpatient,17,Cancer of pancreas,19,19,292000.0,,
primary_diagnosis_ccs,2010,inpatient,15,Cancer of rectum and anus,24,24,292000.0,,
primary_diagnosis_ccs,2010,inpatient,138,Esophageal disorders,47,47,291000.0,,
primary_diagnosis_ccs,2010,inpatient,151,Other liver diseases,39,39,286000.0,,
primary_diagnosis_ccs,2010,inpatient,58,Other nutritional; endocrine; and metabolic disorders,36,36,282000.0,,
primary_diagnosis_ccs,2010,inpatient,661,Substance-related disorders,53,52,276400.0,,
primary_diagnosis_ccs,2010,inpatient,660,Alcohol-related disorders,50,50,275100.0,,
primary_diagnosis_ccs,2010,inpatient,142,Appendicitis and other appendiceal conditions,27,27,274000.0,,
primary_diagnosis_ccs,2010,inpatient,259,Residual codes; unclassified,53,53,273000.0,,
primary_diagnosis_ccs,2010,inpatient,209,Other acquired deformities,16,16,266000.0,,
primary_diagnosis_ccs,2010,inpatient,32,Cancer of bladder,27,27,265000.0,,
primary_diagnosis_ccs,2010,inpatient,116,Aortic and peripheral arterial embolism or thrombosis,21,21,261000.0,,
primary_diagnosis_ccs,2010,inpatient,39,Leukemias,14,14,259000.0,,
primary_diagnosis_ccs,2010,inpatient,139,Gastroduodenal ulcer (except hemorrhage),24,24,257000.0,,
primary_diagnosis_ccs,2010,inpatient,81,Other hereditary and degenerative nervous system conditions,21,21,251000.0,,
primary_diagnosis_ccs,2010,inpatient,234,Crushing injury or internal injury,19,19,248000.0,,
primary_diagnosis_ccs,2010,inpatient,51,Other endocrine disorders,34,34,246000.0,,
primary_diagnosis_ccs,2010,inpatient,11,Cancer of head and neck,11,11,242000.0,,
primary_diagnosis_ccs,2010,inpatient,170,Prolapse of female genital organs,46,46,236000.0,,
primary_diagnosis_ccs,2010,inpatient,63,Diseases of white blood cells,24,24,227000.0,,
primary_diagnosis_ccs,2010,inpatient,29,Cancer of prostate,27,27,222000.0,,
primary_diagnosis_ccs,2010,inpatient,33,Cancer of kidney and renal pelvis,16,16,209000.0,,
primary_diagnosis_ccs,2010,inpatient,242,Poisoning by other medications and drugs,34,34,209000.0,,
primary_diagnosis_ccs,2010,inpatient,158,Chronic kidney disease,19,19,204000.0,,
primary_diagnosis_ccs,2010,inpatient,7,Viral infection,29,29,201030.0,,
primary_diagnosis_ccs,2010,inpatient,251,Abdominal pain,54,54,199000.0,,
primary_diagnosis_ccs,2010,inpatient,44,Neoplasms of unspecified nature or uncertain behavior,23,23,199000.0,,
primary_diagnosis_ccs,2010,inpatient,160,Calculus of urinary tract,27,27,194000.0,,
primary_diagnosis_ccs,2010,inpatient,40,Multiple myeloma,9,9,176000.0,,
primary_diagnosis_ccs,2010,inpatient,147,Anal and rectal conditions,23,23,174000.0,,
primary_diagnosis_ccs,2010,inpatient,161,Other diseases of kidney and ureters,14,14,173000.0,,
primary_diagnosis_ccs,2010,inpatient,62,Coagulation and hemorrhagic disorders,19,19,172000.0,,
primary_diagnosis_ccs,2010,inpatient,204,Other non-traumatic joint disorders,18,18,160000.0,,
primary_diagnosis_ccs,2010,inpatient,217,Other congenital anomalies,8,8,158000.0,,
primary_diagnosis_ccs,2010,inpatient,240,Burns,5,5,154000.0,,
primary_diagnosis_ccs,2010,inpatient,98,Essential hypertension,34,34,153000.0,,
primary_diagnosis_ccs,2010,inpatient,85,Coma; stupor; and brain damage,14,14,151000.0,,
primary_diagnosis_ccs,2010,inpatient,35,Cancer of brain and nervous system,9,9,150000.0,,
primary_diagnosis_ccs,2010,inpatient,120,Hemorrhoids,20,20,146000.0,,
primary_diagnosis_ccs,2010,inpatient,228,Skull and face fractures,15,15,145000.0,,
primary_diagnosis_ccs,2010,inpatient,24,Cancer of breast,26,26,144000.0,,
primary_diagnosis_ccs,2010,inpatient,93,Conditions associated with dizziness or vertigo,48,48,142800.0,,
primary_diagnosis_ccs,2010,inpatient,18,Cancer of other GI organs; peritoneum,10,10,141000.0,,
primary_diagnosis_ccs,2010,inpatient,163,Genitourinary symptoms and ill-defined conditions,28,28,140000.0,,
primary_diagnosis_ccs,2010,inpatient,4,Mycoses,15,15,133000.0,,
primary_diagnosis_ccs,2010,inpatient,148,Peritonitis and intestinal abscess,11,11,132000.0,,
primary_diagnosis_ccs,2010,inpatient,144,Regional enteritis and ulcerative colitis,18,18,129000.0,,
primary_diagnosis_ccs,2010,inpatient,246,Fever of unknown origin,26,26,124000.0,,
primary_diagnosis_ccs,2010,inpatient,164,Hyperplasia of prostate,32,32,123000.0,,
primary_diagnosis_ccs,2010,inpatient,125,Acute bronchitis,24,24,117600.0,,
primary_diagnosis_ccs,2010,inpatient,236,Open wounds of extremities,6,6,111000.0,,
primary_diagnosis_ccs,2010,inpatient,175,Other female genital disorders,10,10,110000.0,,
primary_diagnosis_ccs,2010,inpatient,27,Cancer of ovary,9,9,107000.0,,
primary_diagnosis_ccs,2010,inpatient,111,Other and ill-defined cerebrovascular disease,16,16,105000.0,,
primary_diagnosis_ccs,2010,inpatient,48,Thyroid disorders,17,17,101000.0,,
primary_diagnosis_ccs,2010,inpatient,241,Poisoning by psychotropic agents,14,14,100000.0,,
primary_diagnosis_ccs,2010,inpatient,5,HIV infection,7,7,94000.0,,
primary_diagnosis_ccs,2010,inpatient,227,Spinal cord injury,5,5,92000.0,,
primary_diagnosis_ccs,2010,inpatient,25,Cancer of uterus,11,11,91000.0,,
primary_diagnosis_ccs,2010,inpatient,250,Nausea and vomiting,23,23,91000.0,,
primary_diagnosis_ccs,2010,inpatient,126,Other upper respiratory infections,19,19,88600.0,,
primary_diagnosis_ccs,2010,inpatient,107,Cardiac arrest and ventricular fibrillation,9,9,86300.0,,
primary_diagnosis_ccs,2010,inpatient,16,Cancer of liver and intrahepatic bile duct,6,6,86000.0,,
primary_diagnosis_ccs,2010,inpatient,60,Acute posthemorrhagic anemia,15,15,83000.0,,
primary_diagnosis_ccs,2010,inpatient,670,Miscellaneous mental health disorders,8,8,82000.0,,
primary_diagnosis_ccs,2010,inpatient,162,Other diseases of bladder and urethra,9,9,79000.0,,
primary_diagnosis_ccs,2010,inpatient,113,Late effects of cerebrovascular disease,11,11,78000.0,,
primary_diagnosis_ccs,2010,inpatient,239,Superficial injury; contusion,17,17,77000.0,,
primary_diagnosis_ccs,2010,inpatient,34,Cancer of other urinary organs,6,6,76000.0,,
primary_diagnosis_ccs,2010,inpatient,252,Malaise and fatigue,16,16,76000.0,,
primary_diagnosis_ccs,2010,inpatient,6,Hepatitis,9,9,74000.0,,
primary_diagnosis_ccs,2010,inpatient,171,Menstrual disorders,8,8,73000.0,,
primary_diagnosis_ccs,2010,inpatient,12,Cancer of esophagus,4,4,72000.0,,
primary_diagnosis_ccs,2010,inpatient,78,Other CNS infection and poliomyelitis,3,3,71000.0,,
primary_diagnosis_ccs,2010,inpatient,210,Systemic lupus erythematosus and connective tissue disorders,5,5,71000.0,,
primary_diagnosis_ccs,2010,inpatient,213,Cardiac and circulatory congenital anomalies,2,2,70000.0,,
primary_diagnosis_ccs,2010,inpatient,61,Sickle cell anemia,15,15,69600.0,,
primary_diagnosis_ccs,2010,inpatient,79,Parkinson`s disease,7,7,69000.0,,
primary_diagnosis_ccs,2010,inpatient,232,Sprains and strains,11,11,69000.0,,
primary_diagnosis_ccs,2010,inpatient,94,Other ear and sense organ disorders,4,4,63000.0,,
primary_diagnosis_ccs,2010,inpatient,82,Paralysis,6,6,62000.0,,
primary_diagnosis_ccs,2010,inpatient,unmapped,Missing primary diagnosis,6,6,54000.0,,
primary_diagnosis_ccs,2010,inpatient,54,Gout and other crystal arthropathies,8,8,52000.0,,
primary_diagnosis_ccs,2010,inpatient,243,Poisoning by nonmedicinal substances,5,5,51000.0,,
primary_diagnosis_ccs,2010,inpatient,121,Other diseases of veins and lymphatics,7,7,51000.0,,
primary_diagnosis_ccs,2010,inpatient,3,Bacterial infection; unspecified site,6,6,51000.0,,
primary_diagnosis_ccs,2010,inpatient,28,Cancer of other female genital organs,5,5,50000.0,,
primary_diagnosis_ccs,2010,inpatient,200,Other skin disorders,5,5,47000.0,,
primary_diagnosis_ccs,2010,inpatient,43,Malignant neoplasm without specification of site,2,2,47000.0,,
primary_diagnosis_ccs,2010,inpatient,165,Inflammatory conditions of male genital organs,6,6,43000.0,,
primary_diagnosis_ccs,2010,inpatient,167,Nonmalignant breast conditions,5,5,40000.0,,
primary_diagnosis_ccs,2010,inpatient,198,Other inflammatory condition of skin,6,6,40000.0,,
primary_diagnosis_ccs,2010,inpatient,36,Cancer of thyroid,8,8,39000.0,,
primary_diagnosis_ccs,2010,inpatient,134,Other upper respiratory disease,9,9,39000.0,,
primary_diagnosis_ccs,2010,inpatient,52,Nutritional deficiencies,11,11,37600.0,,
primary_diagnosis_ccs,2010,inpatient,225,Joint disorders and dislocations; trauma-related,6,6,35600.0,,
primary_diagnosis_ccs,2010,inpatient,90,Inflammation; infection of eye (except that caused by tuberculosis or sexually transmitteddisease),5,5,35000.0,,
primary_diagnosis_ccs,2010,inpatient,21,Cancer of bone and connective tissue,4,4,35000.0,,
primary_diagnosis_ccs,2010,inpatient,166,Other male genital disorders,5,5,34000.0,,
primary_diagnosis_ccs,2010,inpatient,202,Rheumatoid arthritis and related disease,4,4,33000.0,,
primary_diagnosis_ccs,2010,inpatient,84,Headache; including migraine,8,8,33000.0,,
primary_diagnosis_ccs,2010,inpatient,123,Influenza,9,9,32000.0,,
primary_diagnosis_ccs,2010,inpatient,208,Acquired foot deformities,4,4,29000.0,,
primary_diagnosis_ccs,2010,inpatient,20,Cancer; other respiratory and intrathoracic,2,2,27000.0,,
primary_diagnosis_ccs,2010,inpatient,46,Benign neoplasm of uterus,6,6,26000.0,,
primary_diagnosis_ccs,2010,inpatient,651,Anxiety disorders,7,7,26000.0,,
primary_diagnosis_ccs,2010,inpatient,37,Hodgkin`s disease,2,2,26000.0,,
primary_diagnosis_ccs,2010,inpatient,172,Ovarian cyst,5,5,26000.0,,
primary_diagnosis_ccs,2010,inpatient,235,Open wounds of head; neck; and trunk,4,4,25000.0,,
primary_diagnosis_ccs,2010,inpatient,26,Cancer of cervix,2,2,24000.0,,
primary_diagnosis_ccs,2010,inpatient,173,Menopausal disorders,4,4,22300.0,,
primary_diagnosis_ccs,2010,inpatient,80,Multiple sclerosis,5,5,21500.0,,
primary_diagnosis_ccs,2010,inpatient,76,Meningitis (except that caused by tuberculosis or sexually transmitted disease),4,4,20000.0,,
primary_diagnosis_ccs,2010,inpatient,249,Shock,1,1,20000.0,,
primary_diagnosis_ccs,2010,inpatient,257,Other aftercare,3,3,19100.0,,
primary_diagnosis_ccs,2010,inpatient,168,Inflammatory diseases of female pelvic organs,3,3,19000.0,,
primary_diagnosis_ccs,2010,inpatient,8,Other infections; including parasitic,2,2,18000.0,,
primary_diagnosis_ccs,2010,inpatient,9,Sexually transmitted infections (not HIV or hepatitis),1,1,18000.0,,
primary_diagnosis_ccs,2010,inpatient,77,Encephalitis (except that caused by tuberculosis or sexually transmitted disease),2,2,18000.0,,
primary_diagnosis_ccs,2010,inpatient,91,Other eye disorders,3,3,18000.0,,
primary_diagnosis_ccs,2010,inpatient,104,Other and ill-defined heart disease,3,3,17000.0,,
primary_diagnosis_ccs,2010,inpatient,253,Allergic reactions,4,4,16000.0,,
primary_diagnosis_ccs,2010,inpatient,181,Other complications of pregnancy,8,8,16000.0,,
primary_diagnosis_ccs,2010,inpatient,87,Retinal detachments; defects; vascular occlusion; and retinopathy,5,5,16000.0,,
primary_diagnosis_ccs,2010,inpatient,49,Diabetes mellitus without complication,3,3,15000.0,,
primary_diagnosis_ccs,2010,inpatient,1,Tuberculosis,2,2,12000.0,,
primary_diagnosis_ccs,2010,inpatient,137,Diseases of mouth; excluding dental,2,2,12000.0,,
primary_diagnosis_ccs,2010,inpatient,654,Developmental disorders,2,2,12000.0,,
primary_diagnosis_ccs,2010,inpatient,119,Varicose veins of lower extremity,2,2,11000.0,,
primary_diagnosis_ccs,2010,inpatient,215,Genitourinary congenital anomalies,1,1,11000.0,,
primary_diagnosis_ccs,2010,inpatient,652,"Attention-deficit, conduct, and disruptive behavior disorders",2,2,10000.0,,
primary_diagnosis_ccs,2010,inpatient,189,Previous C-section,2,2,10000.0,,
primary_diagnosis_ccs,2010,inpatient,23,Other non-epithelial cancer of skin,1,1,9000.0,,
primary_diagnosis_ccs,2010,inpatient,132,Lung disease due to external agents,2,2,9000.0,,
primary_diagnosis_ccs,2010,inpatient,650,Adjustment disorders,3,3,8800.0,,
primary_diagnosis_ccs,2010,inpatient,190,Fetal distress and abnormal forces of labor,1,1,8000.0,,
primary_diagnosis_ccs,2010,inpatient,136,Disorders of teeth and jaw,1,1,6000.0,,
primary_diagnosis_ccs,2010,inpatient,22,Melanomas of skin,1,1,6000.0,,
primary_diagnosis_ccs,2010,inpatient,258,Other screening for suspected conditions (not mental disorders or infectious disease),1,1,6000.0,,
primary_diagnosis_ccs,2010,inpatient,188,Fetopelvic disproportion; obstruction,2,2,6000.0,,
primary_diagnosis_ccs,2010,inpatient,195,Other complications of birth; puerperium affecting management of mother,2,2,6000.0,,
primary_diagnosis_ccs,2010,inpatient,191,Polyhydramnios and other problems of amniotic cavity,1,1,5000.0,,
primary_diagnosis_ccs,2010,inpatient,180,Ectopic pregnancy,1,1,4000.0,,
primary_diagnosis_ccs,2010,inpatient,187,Malposition; malpresentation,1,1,3000.0,,
primary_diagnosis_ccs,2010,inpatient,92,Otitis media and related conditions,1,1,2000.0,,
primary_diagnosis_ccs,2010,inpatient,192,Umbilical cord complication,1,1,2000.0,,
primary_diagnosis_ccs,2010,inpatient,662,Suicide and intentional self-inflicted injury,1,1,2000.0,,
primary_diagnosis_ccs,2010,inpatient,89,Blindness and vision defects,1,1,0.0,,
primary_diagnosis_ccs,2010,inpatient,156,Nephritis; nephrosis; renal sclerosis,1,1,0.0,,
primary_diagnosis_ccs,2010,inpatient,656,"Impulse control disorders, NEC",1,1,0.0,,
primary_diagnosis_ccs,2010,outpatient,158,Chronic kidney disease,5525,2599,10663130.0,,
primary_diagnosis_ccs,2010,outpatient,45,Maintenance chemotherapy; radiotherapy,1104,1016,1594200.0,,
primary_diagnosis_ccs,2010,outpatient,205,Spondylosis; intervertebral disc disorders; other back problems,5967,5468,1412720.0,,
primary_diagnosis_ccs,2010,outpatient,101,Coronary atherosclerosis and other heart disease,2759,2627,1383730.0,,
primary_diagnosis_ccs,2010,outpatient,102,Nonspecific chest pain,2154,2073,1277210.0,,
primary_diagnosis_ccs,2010,outpatient,211,Other connective tissue disease,3727,3515,1095860.0,,
primary_diagnosis_ccs,2010,outpatient,86,Cataract,1076,1057,910010.0,,
primary_diagnosis_ccs,2010,outpatient,95,Other nervous system disorders,2331,2233,907400.0,,
primary_diagnosis_ccs,2010,outpatient,254,Rehabilitation care; fitting of prostheses; and adjustment of devices,2758,2640,873430.0,,
primary_diagnosis_ccs,2010,outpatient,237,Complication of device; implant or graft,756,705,822190.0,,
primary_diagnosis_ccs,2010,outpatient,204,Other non-traumatic joint disorders,3752,3588,805100.0,,
primary_diagnosis_ccs,2010,outpatient,133,Other lower respiratory disease,3982,3790,797680.0,,
primary_diagnosis_ccs,2010,outpatient,106,Cardiac dysrhythmias,6759,5245,740770.0,,
primary_diagnosis_ccs,2010,outpatient,59,Deficiency and other anemia,4142,3794,737120.0,,
primary_diagnosis_ccs,2010,outpatient,251,Abdominal pain,2417,2309,723350.0,,
primary_diagnosis_ccs,2010,outpatient,98,Essential hypertension,8264,7393,692010.0,,
primary_diagnosis_ccs,2010,outpatient,259,Residual codes; unclassified,3157,3036,665790.0,,
primary_diagnosis_ccs,2010,outpatient,258,Other screening for suspected conditions (not mental disorders or infectious disease),6146,5702,626460.0,,
primary_diagnosis_ccs,2010,outpatient,24,Cancer of breast,1561,1384,594030.0,,
primary_diagnosis_ccs,2010,outpatient,257,Other aftercare,8658,7245,532620.0,,
primary_diagnosis_ccs,2010,outpatient,155,Other gastrointestinal disorders,2157,2079,500860.0,,
primary_diagnosis_ccs,2010,outpatient,657,Mood disorders,1798,1589,492610.0,,
primary_diagnosis_ccs,2010,outpatient,47,Other and unspecified benign neoplasm,996,984,481600.0,,
primary_diagnosis_ccs,2010,outpatient,19,Cancer of bronchus; lung,1046,945,459050.0,,
primary_diagnosis_ccs,2010,outpatient,49,Diabetes mellitus without complication,5741,5150,452670.0,,
primary_diagnosis_ccs,2010,outpatient,203,Osteoarthritis,1822,1750,430610.0,,
primary_diagnosis_ccs,2010,outpatient,143,Abdominal hernia,455,451,417330.0,,
primary_diagnosis_ccs,2010,outpatient,127,Chronic obstructive pulmonary disease and bronchiectasis,2144,1997,388060.0,,
primary_diagnosis_ccs,2010,outpatient,159,Urinary tract infections,3109,2976,368110.0,,
primary_diagnosis_ccs,2010,outpatient,108,Congestive heart failure; nonhypertensive,1768,1674,362840.0,,
primary_diagnosis_ccs,2010,outpatient,149,Biliary tract disease,375,374,359440.0,,
primary_diagnosis_ccs,2010,outpatient,29,Cancer of prostate,1299,1160,357420.0,,
primary_diagnosis_ccs,2010,outpatient,160,Calculus of urinary tract,557,542,356560.0,,
primary_diagnosis_ccs,2010,outpatient,114,Peripheral and visceral atherosclerosis,699,689,355450.0,,
primary_diagnosis_ccs,2010,outpatient,105,Conduction disorders,554,545,346490.0,,
primary_diagnosis_ccs,2010,outpatient,38,Non-Hodgkin`s lymphoma,625,584,336130.0,,
primary_diagnosis_ccs,2010,outpatient,245,Syncope,587,582,333890.0,,
primary_diagnosis_ccs,2010,outpatient,163,Genitourinary symptoms and ill-defined conditions,2173,2116,326630.0,,
primary_diagnosis_ccs,2010,outpatient,53,Disorders of lipid metabolism,4861,4560,323750.0,,
primary_diagnosis_ccs,2010,outpatient,50,Diabetes mellitus with complications,1943,1814,314520.0,,
primary_diagnosis_ccs,2010,outpatient,659,Schizophrenia and other psychotic disorders,1120,975,306820.0,,
primary_diagnosis_ccs,2010,outpatient,239,Superficial injury; contusion,1267,1257,298400.0,,
primary_diagnosis_ccs,2010,outpatient,244,Other injuries and conditions due to external causes,837,826,280380.0,,
primary_diagnosis_ccs,2010,outpatient,232,Sprains and strains,998,980,272380.0,,
primary_diagnosis_ccs,2010,outpatient,252,Malaise and fatigue,1415,1391,268480.0,,
primary_diagnosis_ccs,2010,outpatient,93,Conditions associated with dizziness or vertigo,955,942,265710.0,,
primary_diagnosis_ccs,2010,outpatient,653,"Delirium, dementia, and amnestic and other cognitive disorders",1008,946,259610.0,,
primary_diagnosis_ccs,2010,outpatient,117,Other circulatory disease,835,823,256650.0,,
primary_diagnosis_ccs,2010,outpatient,202,Rheumatoid arthritis and related disease,641,612,255930.0,,
primary_diagnosis_ccs,2010,outpatient,138,Esophageal disorders,831,819,240670.0,,
primary_diagnosis_ccs,2010,outpatient,199,Chronic ulcer of skin,1042,989,233430.0,,
primary_diagnosis_ccs,2010,outpatient,229,Fracture of upper limb,548,539,231040.0,,
primary_diagnosis_ccs,2010,outpatient,109,Acute cerebrovascular disease,660,631,218630.0,,
primary_diagnosis_ccs,2010,outpatient,32,Cancer of bladder,362,350,216810.0,,
primary_diagnosis_ccs,2010,outpatient,225,Joint disorders and dislocations; trauma-related,281,279,215470.0,,
primary_diagnosis_ccs,2010,outpatient,231,Other fractures,439,436,214500.0,,
primary_diagnosis_ccs,2010,outpatient,42,Secondary malignancies,289,281,213800.0,,
primary_diagnosis_ccs,2010,outpatient,167,Nonmalignant breast conditions,1248,1222,210250.0,,
primary_diagnosis_ccs,2010,outpatient,256,Medical examination/evaluation,2491,2425,207310.0,,
primary_diagnosis_ccs,2010,outpatient,44,Neoplasms of unspecified nature or uncertain behavior,823,789,206790.0,,
primary_diagnosis_ccs,2010,outpatient,96,Heart valve disorders,698,680,204530.0,,
primary_diagnosis_ccs,2010,outpatient,113,Late effects of cerebrovascular disease,344,335,204360.0,,
primary_diagnosis_ccs,2010,outpatient,84,Headache; including migraine,909,883,203840.0,,
primary_diagnosis_ccs,2010,outpatient,206,Osteoporosis,884,866,203640.0,,
primary_diagnosis_ccs,2010,outpatient,122,Pneumonia (except that caused by tuberculosis or sexually transmitted disease),749,735,203620.0,,
primary_diagnosis_ccs,2010,outpatient,48,Thyroid disorders,2199,2124,198480.0,,
primary_diagnosis_ccs,2010,outpatient,99,Hypertension with complications and secondary hypertension,574,561,188480.0,,
primary_diagnosis_ccs,2010,outpatient,55,Fluid and electrolyte disorders,1047,1023,188110.0,,
primary_diagnosis_ccs,2010,outpatient,14,Cancer of colon,454,426,187710.0,,
primary_diagnosis_ccs,2010,outpatient,87,Retinal detachments; defects; vascular occlusion; and retinopathy,306,300,181400.0,,
primary_diagnosis_ccs,2010,outpatient,58,Other nutritional; endocrine; and metabolic disorders,1030,1004,180880.0,,
primary_diagnosis_ccs,2010,outpatient,23,Other non-epithelial cancer of skin,417,412,175390.0,,
primary_diagnosis_ccs,2010,outpatient,238,Complications of surgical procedures or medical care,504,489,172040.0,,
primary_diagnosis_ccs,2010,outpatient,164,Hyperplasia of prostate,485,483,169770.0,,
primary_diagnosis_ccs,2010,outpatient,146,Diverticulosis and diverticulitis,396,395,161910.0,,
primary_diagnosis_ccs,2010,outpatient,134,Other upper respiratory disease,717,704,158730.0,,
primary_diagnosis_ccs,2010,outpatient,197,Skin and subcutaneous tissue infections,1044,1016,154250.0,,
primary_diagnosis_ccs,2010,outpatient,126,Other upper respiratory infections,1294,1264,152910.0,,
primary_diagnosis_ccs,2010,outpatient,235,Open wounds of head; neck; and trunk,451,447,152890.0,,
primary_diagnosis_ccs,2010,outpatient,39,Leukemias,340,323,149040.0,,
primary_diagnosis_ccs,2010,outpatient,140,Gastritis and duodenitis,326,322,143710.0,,
primary_diagnosis_ccs,2010,outpatient,91,Other eye disorders,362,358,142900.0,,
primary_diagnosis_ccs,2010,outpatient,151,Other liver diseases,703,686,140020.0,,
primary_diagnosis_ccs,2010,outpatient,112,Transient cerebral ischemia,308,302,138410.0,,
primary_diagnosis_ccs,2010,outpatient,236,Open wounds of extremities,736,723,136280.0,,
primary_diagnosis_ccs,2010,outpatient,115,Aortic; peripheral; and visceral artery aneurysms,393,385,132970.0,,
primary_diagnosis_ccs,2010,outpatient,200,Other skin disorders,1091,1063,131630.0,,
primary_diagnosis_ccs,2010,outpatient,230,Fracture of lower limb,337,330,129070.0,,
primary_diagnosis_ccs,2010,outpatient,153,Gastrointestinal hemorrhage,466,461,128270.0,,
primary_diagnosis_ccs,2010,outpatient,250,Nausea and vomiting,483,479,127270.0,,
primary_diagnosis_ccs,2010,outpatient,208,Acquired foot deformities,134,131,126620.0,,
primary_diagnosis_ccs,2010,outpatient,161,Other diseases of kidney and ureters,570,564,125600.0,,
primary_diagnosis_ccs,2010,outpatient,128,Asthma,510,500,117530.0,,
primary_diagnosis_ccs,2010,outpatient,11,Cancer of head and neck,232,218,114250.0,,
primary_diagnosis_ccs,2010,outpatient,40,Multiple myeloma,323,306,113140.0,,
primary_diagnosis_ccs,2010,outpatient,144,Regional enteritis and ulcerative colitis,158,155,109880.0,,
primary_diagnosis_ccs,2010,outpatient,57,Immunity disorders,103,100,109210.0,,
primary_diagnosis_ccs,2010,outpatient,51,Other endocrine disorders,358,354,106290.0,,
primary_diagnosis_ccs,2010,outpatient,83,Epilepsy; convulsions,656,633,104050.0,,
primary_diagnosis_ccs,2010,outpatient,175,Other female genital disorders,318,316,101640.0,,
primary_diagnosis_ccs,2010,outpatient,110,Occlusion or stenosis of precerebral arteries,398,395,100050.0,,
primary_diagnosis_ccs,2010,outpatient,170,Prolapse of female genital organs,112,111,98360.0,,
primary_diagnosis_ccs,2010,outpatient,212,Other bone disease and musculoskeletal deformities,661,654,97100.0,,
primary_diagnosis_ccs,2010,outpatient,15,Cancer of rectum and anus,235,221,95180.0,,
primary_diagnosis_ccs,2010,outpatient,154,Noninfectious gastroenteritis,237,236,93230.0,,
primary_diagnosis_ccs,2010,outpatient,207,Pathological fracture,87,87,91960.0,,
primary_diagnosis_ccs,2010,outpatient,10,Immunizations and screening for infectious disease,2018,1954,91900.0,,
primary_diagnosis_ccs,2010,outpatient,121,Other diseases of veins and lymphatics,400,384,88350.0,,
primary_diagnosis_ccs,2010,outpatient,162,Other diseases of bladder and urethra,171,170,87650.0,,
primary_diagnosis_ccs,2010,outpatient,125,Acute bronchitis,594,587,86400.0,,
primary_diagnosis_ccs,2010,outpatient,62,Coagulation and hemorrhagic disorders,584,561,80670.0,,
primary_diagnosis_ccs,2010,outpatient,25,Cancer of uterus,156,144,78660.0,,
primary_diagnosis_ccs,2010,outpatient,118,Phlebitis; thrombophlebitis and thromboembolism,949,901,74810.0,,
primary_diagnosis_ccs,2010,outpatient,80,Multiple sclerosis,177,169,72100.0,,
primary_diagnosis_ccs,2010,outpatient,226,Fracture of neck of femur (hip),180,179,72090.0,,
primary_diagnosis_ccs,2010,outpatient,79,Parkinson`s disease,259,253,71510.0,,
primary_diagnosis_ccs,2010,outpatient,100,Acute myocardial infarction,116,115,70960.0,,
primary_diagnosis_ccs,2010,outpatient,27,Cancer of ovary,192,182,69130.0,,
primary_diagnosis_ccs,2010,outpatient,81,Other hereditary and degenerative nervous system conditions,246,241,69070.0,,
primary_diagnosis_ccs,2010,outpatient,17,Cancer of pancreas,149,142,66840.0,,
primary_diagnosis_ccs,2010,outpatient,97,Peri-; endo-; and myocarditis; cardiomyopathy (except that caused by tuberculosis or sexually transmitted disease),240,231,66430.0,,
primary_diagnosis_ccs,2010,outpatient,41,Cancer; other and unspecified primary,115,115,65260.0,,
primary_diagnosis_ccs,2010,outpatient,130,Pleurisy; pneumothorax; pulmonary collapse,259,256,65190.0,,
primary_diagnosis_ccs,2010,outpatient,651,Anxiety disorders,459,441,62380.0,,
primary_diagnosis_ccs,2010,outpatient,63,Diseases of white blood cells,191,188,62290.0,,
primary_diagnosis_ccs,2010,outpatient,233,Intracranial injury,118,118,61560.0,,
primary_diagnosis_ccs,2010,outpatient,157,Acute and unspecified renal failure,269,266,59220.0,,
primary_diagnosis_ccs,2010,outpatient,94,Other ear and sense organ disorders,523,512,59080.0,,
primary_diagnosis_ccs,2010,outpatient,201,Infective arthritis and osteomyelitis (except that caused by tuberculosis or sexually transmitted disease),182,174,58580.0,,
primary_diagnosis_ccs,2010,outpatient,152,Pancreatic disorders (not diabetes),174,168,57300.0,,
primary_diagnosis_ccs,2010,outpatient,131,Respiratory failure; insufficiency; arrest (adult),77,76,56240.0,,
primary_diagnosis_ccs,2010,outpatient,2,Septicemia (except in labor),98,97,56080.0,,
primary_diagnosis_ccs,2010,outpatient,22,Melanomas of skin,113,111,56070.0,,
primary_diagnosis_ccs,2010,outpatient,88,Glaucoma,327,319,55830.0,,
primary_diagnosis_ccs,2010,outpatient,103,Pulmonary heart disease,435,422,55520.0,,
primary_diagnosis_ccs,2010,outpatient,120,Hemorrhoids,114,112,54270.0,,
primary_diagnosis_ccs,2010,outpatient,166,Other male genital disorders,200,198,52320.0,,
primary_diagnosis_ccs,2010,outpatient,104,Other and ill-defined heart disease,219,218,51750.0,,
primary_diagnosis_ccs,2010,outpatient,173,Menopausal disorders,246,241,51540.0,,
primary_diagnosis_ccs,2010,outpatient,246,Fever of unknown origin,221,219,50040.0,,
primary_diagnosis_ccs,2010,outpatient,135,Intestinal infection,88,88,49260.0,,
primary_diagnosis_ccs,2010,outpatient,5,HIV infection,264,236,45950.0,,
primary_diagnosis_ccs,2010,outpatient,16,Cancer of liver and intrahepatic bile duct,81,79,45210.0,,
primary_diagnosis_ccs,2010,outpatient,253,Allergic reactions,401,395,43490.0,,
primary_diagnosis_ccs,2010,outpatient,85,Coma; stupor; and brain damage,98,98,42800.0,,
primary_diagnosis_ccs,2010,outpatient,33,Cancer of kidney and renal pelvis,153,147,42250.0,,
primary_diagnosis_ccs,2010,outpatient,147,Anal and rectal conditions,108,106,42220.0,,
primary_diagnosis_ccs,2010,outpatient,209,Other acquired deformities,124,123,41470.0,,
primary_diagnosis_ccs,2010,outpatient,52,Nutritional deficiencies,609,597,41310.0,,
primary_diagnosis_ccs,2010,outpatient,82,Paralysis,101,99,40600.0,,
primary_diagnosis_ccs,2010,outpatient,107,Cardiac arrest and ventricular fibrillation,89,89,40510.0,,
primary_diagnosis_ccs,2010,outpatient,119,Varicose veins of lower extremity,186,177,40190.0,,
primary_diagnosis_ccs,2010,outpatient,247,Lymphadenitis,121,121,39730.0,,
primary_diagnosis_ccs,2010,outpatient,145,Intestinal obstruction without hernia,82,82,38930.0,,
primary_diagnosis_ccs,2010,outpatient,7,Viral infection,272,267,38490.0,,
primary_diagnosis_ccs,2010,outpatient,141,Other disorders of stomach and duodenum,126,125,37770.0,,
primary_diagnosis_ccs,2010,outpatient,43,Malignant neoplasm without specification of site,74,70,36930.0,,
primary_diagnosis_ccs,2010,outpatient,12,Cancer of esophagus,87,84,36070.0,,
primary_diagnosis_ccs,2010,outpatient,660,Alcohol-related disorders,148,144,35030.0,,
primary_diagnosis_ccs,2010,outpatient,4,Mycoses,348,344,32390.0,,
primary_diagnosis_ccs,2010,outpatient,111,Other and ill-defined cerebrovascular disease,94,94,32230.0,,
primary_diagnosis_ccs,2010,outpatient,661,Substance-related disorders,132,127,31260.0,,
primary_diagnosis_ccs,2010,outpatient,198,Other inflammatory condition of skin,252,245,30850.0,,
primary_diagnosis_ccs,2010,outpatient,210,Systemic lupus erythematosus and connective tissue disorders,169,168,30690.0,,
primary_diagnosis_ccs,2010,outpatient,90,Inflammation; infection of eye (except that caused by tuberculosis or sexually transmitteddisease),212,211,30300.0,,
primary_diagnosis_ccs,2010,outpatient,89,Blindness and vision defects,153,152,29670.0,,
primary_diagnosis_ccs,2010,outpatient,171,Menstrual disorders,107,107,29570.0,,
primary_diagnosis_ccs,2010,outpatient,6,Hepatitis,220,215,29490.0,,
primary_diagnosis_ccs,2010,outpatient,136,Disorders of teeth and jaw,205,204,26920.0,,
primary_diagnosis_ccs,2010,outpatient,54,Gout and other crystal arthropathies,274,269,26570.0,,
primary_diagnosis_ccs,2010,outpatient,242,Poisoning by other medications and drugs,126,126,26210.0,,
primary_diagnosis_ccs,2010,outpatient,116,Aortic and peripheral arterial embolism or thrombosis,50,47,25750.0,,
primary_diagnosis_ccs,2010,outpatient,36,Cancer of thyroid,84,84,25580.0,,
primary_diagnosis_ccs,2010,outpatient,26,Cancer of cervix,54,50,25260.0,,
primary_diagnosis_ccs,2010,outpatient,172,Ovarian cyst,63,63,24530.0,,
primary_diagnosis_ccs,2010,outpatient,142,Appendicitis and other appendiceal conditions,16,16,24510.0,,
primary_diagnosis_ccs,2010,outpatient,13,Cancer of stomach,68,66,24160.0,,
primary_diagnosis_ccs,2010,outpatient,8,Other infections; including parasitic,124,121,24000.0,,
primary_diagnosis_ccs,2010,outpatient,228,Skull and face fractures,47,47,23990.0,,
primary_diagnosis_ccs,2010,outpatient,217,Other congenital anomalies,86,86,23030.0,,
primary_diagnosis_ccs,2010,outpatient,21,Cancer of bone and connective tissue,68,65,21760.0,,
primary_diagnosis_ccs,2010,outpatient,35,Cancer of brain and nervous system,56,54,20880.0,,
primary_diagnosis_ccs,2010,outpatient,92,Otitis media and related conditions,158,155,20360.0,,
primary_diagnosis_ccs,2010,outpatient,28,Cancer of other female genital organs,37,37,19550.0,,
primary_diagnosis_ccs,2010,outpatient,213,Cardiac and circulatory congenital anomalies,43,43,19490.0,,
primary_diagnosis_ccs,2010,outpatient,670,Miscellaneous mental health disorders,77,77,18070.0,,
primary_diagnosis_ccs,2010,outpatient,18,Cancer of other GI organs; peritoneum,58,56,17530.0,,
primary_diagnosis_ccs,2010,outpatient,654,Developmental disorders,85,84,14960.0,,
primary_diagnosis_ccs,2010,outpatient,137,Diseases of mouth; excluding dental,81,80,14740.0,,
primary_diagnosis_ccs,2010,outpatient,168,Inflammatory diseases of female pelvic organs,103,103,14030.0,,
primary_diagnosis_ccs,2010,outpatient,165,Inflammatory conditions of male genital organs,65,65,13640.0,,
primary_diagnosis_ccs,2010,outpatient,129,Aspiration pneumonitis; food/vomitus,28,28,13280.0,,
primary_diagnosis_ccs,2010,outpatient,3,Bacterial infection; unspecified site,97,95,13100.0,,
primary_diagnosis_ccs,2010,outpatient,215,Genitourinary congenital anomalies,53,53,12520.0,,
primary_diagnosis_ccs,2010,outpatient,255,Administrative/social admission,137,136,12500.0,,
primary_diagnosis_ccs,2010,outpatient,248,Gangrene,20,19,12270.0,,
primary_diagnosis_ccs,2010,outpatient,61,Sickle cell anemia,43,42,12170.0,,
primary_diagnosis_ccs,2010,outpatient,37,Hodgkin`s disease,36,34,11430.0,,
primary_diagnosis_ccs,2010,outpatient,139,Gastroduodenal ulcer (except hemorrhage),51,51,11260.0,,
primary_diagnosis_ccs,2010,outpatient,20,Cancer; other respiratory and intrathoracic,11,10,11170.0,,
primary_diagnosis_ccs,2010,outpatient,650,Adjustment disorders,60,59,9690.0,,
primary_diagnosis_ccs,2010,outpatient,663,Screening and history of mental health and substance abuse codes,59,59,9410.0,,
primary_diagnosis_ccs,2010,outpatient,unmapped,Missing primary diagnosis,15,15,9080.0,,
primary_diagnosis_ccs,2010,outpatient,240,Burns,63,63,8570.0,,
primary_diagnosis_ccs,2010,outpatient,662,Suicide and intentional self-inflicted injury,24,24,8550.0,,
primary_diagnosis_ccs,2010,outpatient,176,Contraceptive and procreative management,28,28,8320.0,,
primary_diagnosis_ccs,2010,outpatient,64,Other hematologic conditions,74,73,8280.0,,
primary_diagnosis_ccs,2010,outpatient,241,Poisoning by psychotropic agents,17,17,7990.0,,
primary_diagnosis_ccs,2010,outpatient,123,Influenza,37,37,7610.0,,
primary_diagnosis_ccs,2010,outpatient,46,Benign neoplasm of uterus,29,29,7310.0,,
primary_diagnosis_ccs,2010,outpatient,156,Nephritis; nephrosis; renal sclerosis,36,34,6970.0,,
primary_diagnosis_ccs,2010,outpatient,181,Other complications of pregnancy,35,34,6550.0,,
primary_diagnosis_ccs,2010,outpatient,234,Crushing injury or internal injury,22,22,6170.0,,
primary_diagnosis_ccs,2010,outpatient,214,Digestive congenital anomalies,14,14,6110.0,,
primary_diagnosis_ccs,2010,outpatient,34,Cancer of other urinary organs,9,9,6100.0,,
primary_diagnosis_ccs,2010,outpatient,169,Endometriosis,2,2,5500.0,,
primary_diagnosis_ccs,2010,outpatient,243,Poisoning by nonmedicinal substances,43,43,5050.0,,
primary_diagnosis_ccs,2010,outpatient,124,Acute and chronic tonsillitis,11,11,4980.0,,
primary_diagnosis_ccs,2010,outpatient,652,"Attention-deficit, conduct, and disruptive behavior disorders",28,28,4080.0,,
primary_diagnosis_ccs,2010,outpatient,148,Peritonitis and intestinal abscess,18,17,3870.0,,
primary_diagnosis_ccs,2010,outpatient,60,Acute posthemorrhagic anemia,18,17,3780.0,,
primary_diagnosis_ccs,2010,outpatient,227,Spinal cord injury,14,14,3460.0,,
primary_diagnosis_ccs,2010,outpatient,132,Lung disease due to external agents,14,14,3330.0,,
primary_diagnosis_ccs,2010,outpatient,216,Nervous system congenital anomalies,22,22,3130.0,,
primary_diagnosis_ccs,2010,outpatient,656,"Impulse control disorders, NEC",22,19,2830.0,,
primary_diagnosis_ccs,2010,outpatient,unmapped,Invalid code format,13,13,2730.0,,
primary_diagnosis_ccs,2010,outpatient,78,Other CNS infection and poliomyelitis,7,7,2430.0,,
primary_diagnosis_ccs,2010,outpatient,655,"Disorders usually diagnosed in infancy, childhood, or adolescence",13,13,2150.0,,
primary_diagnosis_ccs,2010,outpatient,249,Shock,3,3,2100.0,,
primary_diagnosis_ccs,2010,outpatient,9,Sexually transmitted infections (not HIV or hepatitis),8,8,1820.0,,
primary_diagnosis_ccs,2010,outpatient,77,Encephalitis (except that caused by tuberculosis or sexually transmitted disease),4,4,1700.0,,
primary_diagnosis_ccs,2010,outpatient,658,Personality disorders,16,16,1600.0,,
primary_diagnosis_ccs,2010,outpatient,195,Other complications of birth; puerperium affecting management of mother,14,12,1360.0,,
primary_diagnosis_ccs,2010,outpatient,177,Spontaneous abortion,1,1,1100.0,,
primary_diagnosis_ccs,2010,outpatient,196,Other pregnancy and delivery including normal,15,15,1030.0,,
primary_diagnosis_ccs,2010,outpatient,56,Cystic fibrosis,11,11,990.0,,
primary_diagnosis_ccs,2010,outpatient,1,Tuberculosis,14,14,840.0,,
primary_diagnosis_ccs,2010,outpatient,30,Cancer of testis,5,5,800.0,,
primary_diagnosis_ccs,2010,outpatient,31,Cancer of other male genital organs,2,2,570.0,,
primary_diagnosis_ccs,2010,outpatient,76,Meningitis (except that caused by tuberculosis or sexually transmitted disease),6,6,540.0,,
primary_diagnosis_ccs,2010,outpatient,184,Early or threatened labor,6,6,540.0,,
primary_diagnosis_ccs,2010,outpatient,190,Fetal distress and abnormal forces of labor,2,2,300.0,,
primary_diagnosis_ccs,2010,outpatient,186,Diabetes or abnormal glucose tolerance complicating pregnancy; childbirth; or the puerperium,3,3,210.0,,
primary_diagnosis_ccs,2010,outpatient,191,Polyhydramnios and other problems of amniotic cavity,1,1,200.0,,
primary_diagnosis_ccs,2010,outpatient,224,Other perinatal conditions,1,1,100.0,,
primary_diagnosis_ccs,2010,outpatient,174,Female infertility,1,1,60.0,,
primary_diagnosis_ccs,2010,outpatient,182,Hemorrhage during pregnancy; abruptio placenta; placenta previa,2,2,50.0,,
primary_diagnosis_ccs,2010,outpatient,183,Hypertension complicating pregnancy; childbirth and the puerperium,1,1,30.0,,
primary_diagnosis_ccs,2010,outpatient,180,Ectopic pregnancy,1,1,10.0,,
